country,alpha_2_code,alpha_3_code,numeric_code,iso3c,year,Population,GDP_per_capita,GNI_US_dollar,Inflation_percentage,Life_expectancy_birth,Military_expenditure_Percent_GDP
Angola,AO,AGO,24,AGO,1997,14871146,1832.482312,6730621460,219.1767212,46.306,5.972268207
Angola,AO,AGO,24,AGO,1998,15366864,1856.559776,5537462252,107.2848215,45.057,2.642011881
Angola,AO,AGO,24,AGO,1999,15870753,1836.829653,4780892936,248.1959024,45.386,17.33469221
Angola,AO,AGO,24,AGO,2000,16394062,1832.514102,7448734815,324.9968716,46.024,6.392603154
Angola,AO,AGO,24,AGO,2001,16941587,1847.874736,7375076435,152.5610225,46.59,4.524353815
Angola,AO,AGO,24,AGO,2002,17516139,2031.503726,13650938445,108.8974361,47.386,2.869932445
Angola,AO,AGO,24,AGO,2003,18124342,2022.035684,16086223836,98.22414366,49.617,3.761479074
Angola,AO,AGO,24,AGO,2004,18771125,2166.147716,21068458073,43.54210675,50.592,3.471180187
Angola,AO,AGO,24,AGO,2005,19450959,2404.631169,32940067470,22.95351385,51.57,3.692240947
Angola,AO,AGO,24,AGO,2006,20162340,2587.725057,46203157421,13.30521018,52.369,3.761495305
Angola,AO,AGO,24,AGO,2007,20909684,2844.818355,57667405227,12.25149745,53.642,3.114054493
Angola,AO,AGO,24,AGO,2008,21691522,3048.594002,74821118402,12.47582913,54.633,3.573120364
Angola,AO,AGO,24,AGO,2009,22507674,2963.315988,63484003236,13.73028393,55.752,4.709610048
Angola,AO,AGO,24,AGO,2010,23364185,2993.420974,73815311614,14.46965649,56.726,4.177584566
Angola,AO,AGO,24,AGO,2011,24259111,2983.032611,99943407585,13.48246792,57.596,3.255660351
Angola,AO,AGO,24,AGO,2012,25188292,3118.343699,1.15E+11,10.27790492,58.623,3.236659499
Angola,AO,AGO,24,AGO,2013,26147002,3152.704327,1.24E+11,8.777814293,59.307,4.455239422
Angola,AO,AGO,24,AGO,2014,27128337,3185.122401,1.29E+11,7.280387304,60.04,4.698454516
Angola,AO,AGO,24,AGO,2015,28127721,3100.830685,82784875171,9.353839725,60.655,3.105426293
Angola,AO,AGO,24,AGO,2016,29154746,2914.415459,47241256785,30.69895786,61.092,2.733340655
Angola,AO,AGO,24,AGO,2017,30208628,2808.521753,64733551804,29.84257779,61.68,2.507985456
Angola,AO,AGO,24,AGO,2018,31273533,2677.177816,71783442934,19.63059436,62.144,1.871775866
Angola,AO,AGO,24,AGO,2019,32353588,2569.691347,63042950936,17.07970441,62.448,1.643740283
Angola,AO,AGO,24,AGO,2020,33428486,2347.787032,49106329133,22.27156431,62.261,1.444163082
Angola,AO,AGO,24,AGO,2021,34503774,2299.640572,62080347392,25.75426565,,1.132059821
Argentina,AR,ARG,32,ARG,1997,35815971,11097.38206,2.87E+11,,73.09,1.140139111
Argentina,AR,ARG,32,ARG,1998,36233195,11391.94516,2.92E+11,,73.474,1.136318022
Argentina,AR,ARG,32,ARG,1999,36653031,10880.20621,2.76E+11,,73.722,1.220359548
Argentina,AR,ARG,32,ARG,2000,37070774,10672.72204,2.77E+11,,73.926,1.148822677
Argentina,AR,ARG,32,ARG,2001,37480493,10090.65344,2.61E+11,,74.186,1.184233542
Argentina,AR,ARG,32,ARG,2002,37885028,8895.319642,92763789033,,74.408,1.091880479
Argentina,AR,ARG,32,ARG,2003,38278164,9581.969792,1.22E+11,,74.08,1.060895057
Argentina,AR,ARG,32,ARG,2004,38668796,10341.64341,1.46E+11,,74.855,0.883295359
Argentina,AR,ARG,32,ARG,2005,39070501,11141.31067,1.76E+11,,75.139,0.847154784
Argentina,AR,ARG,32,ARG,2006,39476851,11913.95853,2.25E+11,,75.433,0.788233877
Argentina,AR,ARG,32,ARG,2007,39876111,12857.09258,2.80E+11,,75.006,0.792548175
Argentina,AR,ARG,32,ARG,2008,40273769,13246.63489,3.53E+11,,75.641,0.762756475
Argentina,AR,ARG,32,ARG,2009,40684338,12336.86194,3.23E+11,,75.936,0.886508577
Argentina,AR,ARG,32,ARG,2010,40788453,13551.33919,4.09E+11,,75.721,0.814878105
Argentina,AR,ARG,32,ARG,2011,41261490,14200.26989,5.15E+11,,76.124,0.764287094
Argentina,AR,ARG,32,ARG,2012,41733271,13895.63371,5.33E+11,,76.467,0.784824721
Argentina,AR,ARG,32,ARG,2013,42202935,14071.50868,5.40E+11,,76.491,0.83773643
Argentina,AR,ARG,32,ARG,2014,42669500,13567.94842,5.16E+11,,76.755,0.878100919
Argentina,AR,ARG,32,ARG,2015,43131966,13789.06042,5.84E+11,,76.76,0.850128583
Argentina,AR,ARG,32,ARG,2016,43590368,13360.21183,5.45E+11,,76.308,0.813140078
Argentina,AR,ARG,32,ARG,2017,44044811,13595.03736,6.27E+11,,76.833,0.856137916
Argentina,AR,ARG,32,ARG,2018,44494502,13105.39716,5.06E+11,,76.999,0.745498855
Argentina,AR,ARG,32,ARG,2019,44938712,12716.2242,4.30E+11,,77.284,0.706186671
Argentina,AR,ARG,32,ARG,2020,45376763,11341.26837,3.76E+11,,75.892,0.726855652
Argentina,AR,ARG,32,ARG,2021,45808747,12402.49079,4.77E+11,,,0.565318001
Benin,BJ,BEN,204,BEN,1997,6387026,839.9516967,2238481480,3.466295906,55.978,
Benin,BJ,BEN,204,BEN,1998,6584183,847.0744875,2441702753,5.753314584,56.218,
Benin,BJ,BEN,204,BEN,1999,6788589,865.4525625,3665050945,0.326722893,56.526,0.48538923
Benin,BJ,BEN,204,BEN,2000,6998023,888.7301846,3507693521,4.165404423,56.578,0.412852302
Benin,BJ,BEN,204,BEN,2001,7212041,908.347703,3651633532,3.984295478,56.66,0.357971127
Benin,BJ,BEN,204,BEN,2002,7431783,922.4176387,4166070359,2.489162355,56.606,0.622819458
Benin,BJ,BEN,204,BEN,2003,7659208,925.8492611,5311079167,1.487242461,56.738,0.647223227
Benin,BJ,BEN,204,BEN,2004,7894554,938.0381781,6153203448,0.873890831,56.826,0.67614985
Benin,BJ,BEN,204,BEN,2005,8149419,924.2695241,6549889011,5.364520858,57.125,0.680970685
Benin,BJ,BEN,204,BEN,2006,8402631,931.7691409,7003871939,3.782176965,57.456,0.665723324
Benin,BJ,BEN,204,BEN,2007,8647761,959.5549935,8120525153,1.298068133,57.675,
Benin,BJ,BEN,204,BEN,2008,8906469,977.3031632,9776381166,7.947298761,57.869,0.66395898
Benin,BJ,BEN,204,BEN,2009,9172514,970.9659689,9705498738,0.896072356,57.956,
Benin,BJ,BEN,204,BEN,2010,9445710,962.8161095,9481809629,2.207835325,58.363,
Benin,BJ,BEN,204,BEN,2011,9726380,962.7445897,10677799712,2.704239077,58.462,
Benin,BJ,BEN,204,BEN,2012,10014078,980.0746132,11074623453,6.744682533,58.716,0.702056158
Benin,BJ,BEN,204,BEN,2013,10308730,1020.528234,12448828493,0.428888889,58.965,0.687239683
Benin,BJ,BEN,204,BEN,2014,10614844,1054.108767,13223293316,-0.548757551,59.125,0.700924949
Benin,BJ,BEN,204,BEN,2015,10932783,1041.652523,11295642530,0.218785924,59.377,0.798484705
Benin,BJ,BEN,204,BEN,2016,11260085,1045.150937,11718306954,-0.794050174,59.539,0.673596727
Benin,BJ,BEN,204,BEN,2017,11596779,1072.361966,12561417748,1.769412474,59.856,0.920613124
Benin,BJ,BEN,204,BEN,2018,11940683,1111.22724,14105968058,0.644803622,60.14,0.63285754
Benin,BJ,BEN,204,BEN,2019,12290444,1153.72621,14248201880,-0.705026635,60.454,0.472934841
Benin,BJ,BEN,204,BEN,2020,12643123,1164.705946,15488837235,3.022721197,60.088,0.470634917
Benin,BJ,BEN,204,BEN,2021,12996895,1214.07759,17599874023,1.733539627,,0.560621374
"Bolivia, Plurinational State of",BO,BOL,68,BOL,1997,8137619,1970.168079,7729175000,4.70844436,60.752,2.273610301
Bolivia,BO,BOL,68,BOL,1997,8137619,1970.168079,7729175000,4.70844436,60.752,2.273610301
"Bolivia, Plurinational State of",BO,BOL,68,BOL,1998,8286928,2031.972203,8335344622,7.673228957,61.332,2.69111086
Bolivia,BO,BOL,68,BOL,1998,8286928,2031.972203,8335344622,7.673228957,61.332,2.69111086
"Bolivia, Plurinational State of",BO,BOL,68,BOL,1999,8439052,2003.861306,8088875594,2.159516268,61.871,2.133287095
Bolivia,BO,BOL,68,BOL,1999,8439052,2003.861306,8088875594,2.159516268,61.871,2.133287095
"Bolivia, Plurinational State of",BO,BOL,68,BOL,2000,8592656,2017.394606,8172380982,4.608229989,62.346,2.062971201
Bolivia,BO,BOL,68,BOL,2000,8592656,2017.394606,8172380982,4.608229989,62.346,2.062971201
"Bolivia, Plurinational State of",BO,BOL,68,BOL,2001,8746084,2015.377477,7930377408,1.589653779,62.843,2.32044789
Bolivia,BO,BOL,68,BOL,2001,8746084,2015.377477,7930377408,1.589653779,62.843,2.32044789
"Bolivia, Plurinational State of",BO,BOL,68,BOL,2002,8900583,2029.617941,7700785216,0.928258852,63.306,1.990334716
Bolivia,BO,BOL,68,BOL,2002,8900583,2029.617941,7700785216,0.928258852,63.306,1.990334716
"Bolivia, Plurinational State of",BO,BOL,68,BOL,2003,9057378,2048.559815,7780518762,3.337274997,63.635,2.145485083
Bolivia,BO,BOL,68,BOL,2003,9057378,2048.559815,7780518762,3.337274997,63.635,2.145485083
"Bolivia, Plurinational State of",BO,BOL,68,BOL,2004,9216279,2097.258351,8388731804,4.437380801,64.004,1.896503662
Bolivia,BO,BOL,68,BOL,2004,9216279,2097.258351,8388731804,4.437380801,64.004,1.896503662
"Bolivia, Plurinational State of",BO,BOL,68,BOL,2005,9377388,2152.361967,9172726311,5.393231069,64.386,1.717004423
Bolivia,BO,BOL,68,BOL,2005,9377388,2152.361967,9172726311,5.393231069,64.386,1.717004423
"Bolivia, Plurinational State of",BO,BOL,68,BOL,2006,9542663,2216.544706,11054624632,4.282396048,64.779,1.466226984
Bolivia,BO,BOL,68,BOL,2006,9542663,2216.544706,11054624632,4.282396048,64.779,1.466226984
"Bolivia, Plurinational State of",BO,BOL,68,BOL,2007,9711152,2277.503824,12630742727,8.705609236,65.027,1.489047584
Bolivia,BO,BOL,68,BOL,2007,9711152,2277.503824,12630742727,8.705609236,65.027,1.489047584
"Bolivia, Plurinational State of",BO,BOL,68,BOL,2008,9880593,2376.078087,16137947294,14.00681077,65.446,1.961780436
Bolivia,BO,BOL,68,BOL,2008,9880593,2376.078087,16137947294,14.00681077,65.446,1.961780436
"Bolivia, Plurinational State of",BO,BOL,68,BOL,2009,10051317,2414.129943,16666184074,3.346454201,65.88,1.761364443
Bolivia,BO,BOL,68,BOL,2009,10051317,2414.129943,16666184074,3.346454201,65.88,1.761364443
"Bolivia, Plurinational State of",BO,BOL,68,BOL,2010,10223270,2471.47363,18760697222,2.503276058,66.162,1.707910405
Bolivia,BO,BOL,68,BOL,2010,10223270,2471.47363,18760697222,2.503276058,66.162,1.707910405
"Bolivia, Plurinational State of",BO,BOL,68,BOL,2011,10396246,2556.830266,22977277526,9.884464198,66.534,1.684122657
Bolivia,BO,BOL,68,BOL,2011,10396246,2556.830266,22977277526,9.884464198,66.534,1.684122657
"Bolivia, Plurinational State of",BO,BOL,68,BOL,2012,10569697,2643.690813,25455219537,4.515602914,66.705,1.845606439
Bolivia,BO,BOL,68,BOL,2012,10569697,2643.690813,25455219537,4.515602914,66.705,1.845606439
"Bolivia, Plurinational State of",BO,BOL,68,BOL,2013,10743349,2777.720529,28751567786,5.736400237,67.021,1.841240314
Bolivia,BO,BOL,68,BOL,2013,10743349,2777.720529,28751567786,5.736400237,67.021,1.841240314
"Bolivia, Plurinational State of",BO,BOL,68,BOL,2014,10916987,2882.806893,31298228307,5.766600746,67.163,1.896915045
Bolivia,BO,BOL,68,BOL,2014,10916987,2882.806893,31298228307,5.766600746,67.163,1.896915045
"Bolivia, Plurinational State of",BO,BOL,68,BOL,2015,11090085,2975.648811,31873100512,4.059610411,67.318,1.759435915
Bolivia,BO,BOL,68,BOL,2015,11090085,2975.648811,31873100512,4.059610411,67.318,1.759435915
"Bolivia, Plurinational State of",BO,BOL,68,BOL,2016,11263015,3054.892547,33320230250,3.623214318,67.628,1.530467849
Bolivia,BO,BOL,68,BOL,2016,11263015,3054.892547,33320230250,3.623214318,67.628,1.530467849
"Bolivia, Plurinational State of",BO,BOL,68,BOL,2017,11435533,3135.031644,36398995789,2.822758055,67.701,1.536427353
Bolivia,BO,BOL,68,BOL,2017,11435533,3135.031644,36398995789,2.822758055,67.701,1.536427353
"Bolivia, Plurinational State of",BO,BOL,68,BOL,2018,11606905,3219.200886,39311992849,2.272059872,67.748,1.496902342
Bolivia,BO,BOL,68,BOL,2018,11606905,3219.200886,39311992849,2.272059872,67.748,1.496902342
"Bolivia, Plurinational State of",BO,BOL,68,BOL,2019,11777315,3242.948843,40059428638,1.83954505,67.841,1.451270871
Bolivia,BO,BOL,68,BOL,2019,11777315,3242.948843,40059428638,1.83954505,67.841,1.451270871
"Bolivia, Plurinational State of",BO,BOL,68,BOL,2020,11936162,2920.197443,36212961241,0.940742153,64.467,1.319074572
Bolivia,BO,BOL,68,BOL,2020,11936162,2920.197443,36212961241,0.940742153,64.467,1.319074572
"Bolivia, Plurinational State of",BO,BOL,68,BOL,2021,12079472,3061.73861,39368460625,0.737383721,,1.544458342
Bolivia,BO,BOL,68,BOL,2021,12079472,3061.73861,39368460625,0.737383721,,1.544458342
Brazil,BR,BRA,76,BRA,1997,168546707,6689.207419,8.69E+11,6.926712516,68.813,1.577688316
Brazil,BR,BRA,76,BRA,1998,171039804,6613.991133,8.46E+11,3.195076293,69.189,1.66229192
Brazil,BR,BRA,76,BRA,1999,173486281,6551.234548,5.81E+11,4.858447499,69.524,1.645474667
Brazil,BR,BRA,76,BRA,2000,175873720,6745.865881,6.37E+11,7.044141059,69.737,1.730726147
Brazil,BR,BRA,76,BRA,2001,178211881,6749.889719,5.42E+11,6.840359025,70.195,1.951882445
Brazil,BR,BRA,76,BRA,2002,180476685,6868.704165,4.93E+11,8.450164377,70.41,1.895771199
Brazil,BR,BRA,76,BRA,2003,182629278,6865.181505,5.41E+11,14.71491972,70.72,1.503477636
Brazil,BR,BRA,76,BRA,2004,184722043,7178.356116,6.50E+11,6.5971851,71.131,1.461268409
Brazil,BR,BRA,76,BRA,2005,186797334,7325.912358,8.66E+11,6.869537209,71.753,1.524013393
Brazil,BR,BRA,76,BRA,2006,188820682,7534.551559,1.08E+12,4.183568129,72.037,1.481084895
Brazil,BR,BRA,76,BRA,2007,190779453,7909.834758,1.37E+12,3.641272991,72.365,1.4662921
Brazil,BR,BRA,76,BRA,2008,192672317,8231.110269,1.65E+12,5.678593903,72.715,1.441924093
Brazil,BR,BRA,76,BRA,2009,194517549,8142.770839,1.63E+12,4.888034799,72.948,1.538625697
Brazil,BR,BRA,76,BRA,2010,196353492,8673.908812,2.14E+12,5.038726901,73.182,1.539406981
Brazil,BR,BRA,76,BRA,2011,198185302,8935.288057,2.55E+12,6.636449622,73.343,1.411851159
Brazil,BR,BRA,76,BRA,2012,199977707,9025.324848,2.40E+12,5.40349914,73.552,1.378656465
Brazil,BR,BRA,76,BRA,2013,201721767,9216.14336,2.44E+12,6.204310666,73.918,1.329446084
Brazil,BR,BRA,76,BRA,2014,203459650,9183.470768,2.41E+12,6.329040155,74.306,1.330244423
Brazil,BR,BRA,76,BRA,2015,205188205,8783.225984,1.77E+12,9.029901024,74.332,1.365517154
Brazil,BR,BRA,76,BRA,2016,206859578,8426.853352,1.76E+12,8.739143523,74.442,1.347975413
Brazil,BR,BRA,76,BRA,2017,208504960,8470.950789,2.02E+12,3.44637335,74.827,1.414485611
Brazil,BR,BRA,76,BRA,2018,210166592,8553.876187,1.86E+12,3.664850284,75.109,1.469677724
Brazil,BR,BRA,76,BRA,2019,211782878,8592.221538,1.82E+12,3.732976212,75.338,1.379456925
Brazil,BR,BRA,76,BRA,2020,213196304,8204.202726,1.42E+12,3.211768038,74.009,1.355470203
Brazil,BR,BRA,76,BRA,2021,214326223,8537.93922,1.57E+12,8.301659756,,1.190809848
Burkina Faso,BF,BFA,854,BFA,1997,10897353,399.1849984,2445476075,2.318690622,49.4,1.417055045
Burkina Faso,BF,BFA,854,BFA,1998,11201063,416.7416983,2802105647,5.084333441,49.991,1.27636264
Burkina Faso,BF,BFA,854,BFA,1999,11533554,434.6583908,3393482748,-1.072613628,50.325,1.385531386
Burkina Faso,BF,BFA,854,BFA,2000,11882888,429.8473708,2964619404,-0.304212168,50.847,1.392162753
Burkina Faso,BF,BFA,854,BFA,2001,12249764,444.5497534,3178291895,5.007432908,51.071,1.299789896
Burkina Faso,BF,BFA,854,BFA,2002,12632269,449.8539297,3588060319,2.175694807,51.272,1.324409972
Burkina Faso,BF,BFA,854,BFA,2003,13030591,470.129581,4686123998,2.034565741,51.793,1.207283348
Burkina Faso,BF,BFA,854,BFA,2004,13445977,476.0099793,5406280264,-0.400228702,52.416,1.357968367
Burkina Faso,BF,BFA,854,BFA,2005,13876127,501.2072485,6082308114,6.415040184,53.092,1.351394486
Burkina Faso,BF,BFA,854,BFA,2006,14316242,516.1767659,6528831920,2.333108564,53.742,1.249086676
Burkina Faso,BF,BFA,854,BFA,2007,14757074,521.3452574,7603256786,-0.230627306,54.375,1.592267582
Burkina Faso,BF,BFA,854,BFA,2008,15197915,535.5836429,9414698384,10.6597979,55.342,1.397903771
Burkina Faso,BF,BFA,854,BFA,2009,15650022,535.5168327,9333204307,2.608176664,55.959,1.521454726
Burkina Faso,BF,BFA,854,BFA,2010,16116845,563.9267748,9807542029,-0.764230735,56.477,1.377516262
Burkina Faso,BF,BFA,854,BFA,2011,16602651,583.6794751,11592645415,2.759767249,57.125,1.294759503
Burkina Faso,BF,BFA,854,BFA,2012,17113732,602.7867568,12243495999,3.818152403,57.619,1.323023735
Burkina Faso,BF,BFA,854,BFA,2013,17636408,618.8045811,13080708252,0.533738507,57.823,1.390102776
Burkina Faso,BF,BFA,854,BFA,2014,18169842,626.6262487,13337501703,-0.258089518,58.359,1.431285455
Burkina Faso,BF,BFA,854,BFA,2015,18718019,632.1266837,11293125627,0.724838981,58.845,1.419815231
Burkina Faso,BF,BFA,854,BFA,2016,19275498,650.4172587,12261728543,0.441041448,59.326,1.375362376
Burkina Faso,BF,BFA,854,BFA,2017,19835858,671.251794,13577335799,1.482998972,59.536,1.556273179
Burkina Faso,BF,BFA,854,BFA,2018,20392723,696.0445685,15387935652,1.955943027,60.047,2.165041746
Burkina Faso,BF,BFA,854,BFA,2019,20951639,716.012195,15326472488,-3.23338934,60.039,2.606037509
Burkina Faso,BF,BFA,854,BFA,2020,21522626,710.4713527,16664828374,1.884439938,59.731,2.733953813
Burkina Faso,BF,BFA,854,BFA,2021,22100683,739.6727224,18717882893,3.653532872,,2.891133818
Cameroon,CM,CMR,120,CMR,1997,13941181,1083.641606,10224691545,4.786238819,52.737,1.301241746
Cameroon,CM,CMR,120,CMR,1998,14314599,1105.2452,10819194802,3.170751854,52.582,1.396509438
Cameroon,CM,CMR,120,CMR,1999,14698973,1124.900473,11118672991,1.871745007,52.695,1.443852391
Cameroon,CM,CMR,120,CMR,2000,15091594,1137.624523,9971651797,1.22719013,52.932,1.324748865
Cameroon,CM,CMR,120,CMR,2001,15493253,1156.050387,10257038339,4.419772459,53.142,1.290360035
Cameroon,CM,CMR,120,CMR,2002,15914033,1175.87167,11741247000,2.834422601,53.415,1.338506756
Cameroon,CM,CMR,120,CMR,2003,16354326,1206.610508,15443547299,0.623163557,53.883,1.383806998
Cameroon,CM,CMR,120,CMR,2004,16809407,1256.693646,18422804299,0.23364738,54.178,1.401603832
Cameroon,CM,CMR,120,CMR,2005,17275171,1250.058879,19020923827,2.013539502,54.362,1.243220765
Cameroon,CM,CMR,120,CMR,2006,17751333,1262.871902,20658218733,5.11757816,54.856,1.32737745
Cameroon,CM,CMR,120,CMR,2007,18251866,1281.39248,23427238131,0.921402246,55.165,1.326606417
Cameroon,CM,CMR,120,CMR,2008,18777081,1281.019833,27300880036,5.337806276,55.655,1.312339132
Cameroon,CM,CMR,120,CMR,2009,19319274,1277.181615,27818824888,3.043618479,56.102,1.319340142
Cameroon,CM,CMR,120,CMR,2010,19878036,1277.265689,27243247447,1.275380462,56.582,1.354256639
Cameroon,CM,CMR,120,CMR,2011,20448873,1283.567037,30327345840,2.939699463,57.133,1.18443512
Cameroon,CM,CMR,120,CMR,2012,21032684,1305.668029,29709679445,2.742534075,57.792,1.217846576
Cameroon,CM,CMR,120,CMR,2013,21632850,1332.86,33109063702,2.05908684,58.476,1.214414615
Cameroon,CM,CMR,120,CMR,2014,22299585,1366.96659,36096675700,1.834130781,58.935,1.149088972
Cameroon,CM,CMR,120,CMR,2015,23012646,1399.675331,31773333574,2.685982772,59.658,1.144433296
Cameroon,CM,CMR,120,CMR,2016,23711630,1420.029867,33255787660,0.861740258,60.233,1.187536437
Cameroon,CM,CMR,120,CMR,2017,24393181,1429.23468,35437229950,0.642673522,60.81,1.173793483
Cameroon,CM,CMR,120,CMR,2018,25076747,1445.267766,39233893813,1.074299452,61.18,1.11159531
Cameroon,CM,CMR,120,CMR,2019,25782341,1454.564064,38827845867,2.452802141,61.584,1.086759173
Cameroon,CM,CMR,120,CMR,2020,26491087,1419.328204,39888925373,2.437608822,60.833,1.010443012
Cameroon,CM,CMR,120,CMR,2021,27198628,1432.862685,44306780490,2.271857625,,1.024089314
Central African Republic,CF,CAF,140,CAF,1997,3458472,458.1338337,922003071.9,1.611313478,46.319,
Central African Republic,CF,CAF,140,CAF,1998,3555064,466.634107,948607846.6,-1.885200962,46.025,
Central African Republic,CF,CAF,140,CAF,1999,3655360,470.1683573,991334220.9,-1.414202201,45.75,
Central African Republic,CF,CAF,140,CAF,2000,3759170,445.8032915,903680539.3,3.203400916,45.406,
Central African Republic,CF,CAF,140,CAF,2001,3844773,455.3383787,924818561.4,3.834860602,45.393,
Central African Republic,CF,CAF,140,CAF,2002,3930648,461.4980841,986946839.4,2.331817035,45.409,1.109131185
Central African Republic,CF,CAF,140,CAF,2003,4026841,426.1595794,1139521528,4.134709052,45.76,1.35309986
Central African Republic,CF,CAF,140,CAF,2004,4115138,442.0152346,1258521061,-2.066406011,46.038,1.201693015
Central African Republic,CF,CAF,140,CAF,2005,4208834,436.1002636,1327668695,2.883520734,46.433,1.15123645
Central African Republic,CF,CAF,140,CAF,2006,4294352,447.808105,1450377506,6.695264658,46.851,
Central African Republic,CF,CAF,140,CAF,2007,4375569,459.7460648,1689103051,0.959917619,47.426,1.125878508
Central African Republic,CF,CAF,140,CAF,2008,4467233,459.5624556,1970432890,9.258950994,48.016,1.587181967
Central African Republic,CF,CAF,140,CAF,2009,4564540,488.3880234,2061529915,3.521262272,48.648,1.816206731
Central African Republic,CF,CAF,140,CAF,2010,4660067,500.5292757,2152234701,1.4910237,49.255,2.597425043
Central African Republic,CF,CAF,140,CAF,2011,4732022,513.594265,2447711151,1.194475724,49.948,2.271558766
Central African Republic,CF,CAF,140,CAF,2012,4773306,534.8835608,2521348254,5.478295943,50.686,1.970128935
Central African Republic,CF,CAF,140,CAF,2013,4802428,338.1657046,1706709152,6.98879342,50.902,3.155823963
Central African Republic,CF,CAF,140,CAF,2014,4798734,338.7003837,1914517017,14.89868418,50.566,2.25538964
Central African Republic,CF,CAF,140,CAF,2015,4819333,351.8797536,1716880210,1.402970171,52.793,1.686089014
Central African Republic,CF,CAF,140,CAF,2016,4904177,362.2183299,1847781813,4.945432761,53.46,1.528332632
Central African Republic,CF,CAF,140,CAF,2017,4996741,371.6031298,2177935400,4.180723319,53.721,1.435967607
Central African Republic,CF,CAF,140,CAF,2018,5094780,378.2630765,2386745258,1.61215687,54.369,1.43304054
Central African Republic,CF,CAF,140,CAF,2019,5209324,381.4140451,2386023522,2.685373553,55.025,1.915529229
Central African Republic,CF,CAF,140,CAF,2020,5343020,375.2169228,2456788006,1.710156595,54.604,2.010143679
Central African Republic,CF,CAF,140,CAF,2021,5457154,370.6757491,2688202098,4.259364175,,1.858675078
Chad,TD,TCD,148,TCD,1997,7450874,399.3881414,1528104789,5.572257111,47.217,1.075865129
Chad,TD,TCD,148,TCD,1998,7709115,412.8431329,1744116378,4.258851102,47.224,0.92295735
Chad,TD,TCD,148,TCD,1999,7981889,396.0118239,1533049609,-8.025059627,47.372,1.365223833
Chad,TD,TCD,148,TCD,2000,8259137,379.3515456,1370995736,3.822600881,47.443,1.362045317
Chad,TD,TCD,148,TCD,2001,8538804,409.7036673,1688295016,12.43128653,47.85,1.354021391
Chad,TD,TCD,148,TCD,2002,8838369,429.4269724,1936981359,5.191818952,47.946,1.524474403
Chad,TD,TCD,148,TCD,2003,9196366,473.4680201,2284427781,-1.752569412,48.206,1.322522425
Chad,TD,TCD,148,TCD,2004,9613503,605.2393529,3727138979,-5.355400289,48.232,1.011624967
Chad,TD,TCD,148,TCD,2005,10005012,682.3538711,5624396342,7.890365675,48.312,0.83197797
Chad,TD,TCD,148,TCD,2006,10365614,662.8855028,6216752919,8.03628898,48.286,2.995626879
Chad,TD,TCD,148,TCD,2007,10722731,661.7723625,7450473273,-8.97473962,48.751,4.485948826
Chad,TD,TCD,148,TCD,2008,11098664,658.8744584,8725000640,10.29697582,49.024,5.885152631
Chad,TD,TCD,148,TCD,2009,11496128,662.9232506,8903736313,9.952422907,49.196,7.95566213
Chad,TD,TCD,148,TCD,2010,11894727,727.5249426,10312399365,-2.077865746,49.584,5.764933115
Chad,TD,TCD,148,TCD,2011,12317730,703.1232127,11856128212,2.029240537,50.009,5.010096531
Chad,TD,TCD,148,TCD,2012,12754906,739.3383623,12067690556,7.516623647,50.54,
Chad,TD,TCD,148,TCD,2013,13216766,754.1718107,12362322221,0.222671565,50.781,5.592313244
Chad,TD,TCD,148,TCD,2014,13697126,777.9356784,13336602011,1.681973139,51.202,2.806513955
Chad,TD,TCD,148,TCD,2015,14140274,774.4116005,10618477273,4.377126651,51.589,2.018821854
Chad,TD,TCD,148,TCD,2016,14592585,703.4660047,9911697594,-0.792440525,52.083,3.068475119
Chad,TD,TCD,148,TCD,2017,15085884,660.1261315,9869508954,-1.53709963,52.308,2.238589247
Chad,TD,TCD,148,TCD,2018,15604210,653.3497593,11075017680,4.274621986,52.825,2.339468546
Chad,TD,TCD,148,TCD,2019,16126866,652.7032138,11140998595,-0.971939175,53.259,2.187152986
Chad,TD,TCD,148,TCD,2020,16644701,622.2785042,9948225336,4.464144372,52.777,3.078405674
Chad,TD,TCD,148,TCD,2021,17179740,595.6637846,11381134158,-0.77284437,,2.794138043
Colombia,CO,COL,170,COL,1997,37291946,4246.00305,1.04E+11,18.47002171,70.492,2.801787886
Colombia,CO,COL,170,COL,1998,37944414,4196.768525,96748227325,18.67697993,70.738,3.440985742
Colombia,CO,COL,170,COL,1999,38585033,3953.586967,84832744079,10.87368709,70.926,3.762742058
Colombia,CO,COL,170,COL,2000,39215135,4003.840324,97729902124,9.225348186,71.32,3.031683539
Colombia,CO,COL,170,COL,2001,39837875,4007.383076,95787969671,7.965560903,71.502,3.323872819
Colombia,CO,COL,170,COL,2002,40454050,4045.160407,95331633504,6.351507288,71.939,3.417127624
Colombia,CO,COL,170,COL,2003,41057687,4141.857865,91408959392,7.129788629,72.361,3.463988691
Colombia,CO,COL,170,COL,2004,41648268,4300.879451,1.13E+11,5.904020055,72.695,3.465015174
Colombia,CO,COL,170,COL,2005,42220940,4447.405926,1.42E+11,5.051019627,73.081,3.352873388
Colombia,CO,COL,170,COL,2006,42772910,4684.885103,1.57E+11,4.293423636,73.468,3.276130639
Colombia,CO,COL,170,COL,2007,43306582,4938.939283,2.00E+11,5.544384858,73.837,3.266739663
Colombia,CO,COL,170,COL,2008,43815313,5041.878748,2.34E+11,6.996884956,74.295,3.744606437
Colombia,CO,COL,170,COL,2009,44313917,5041.962558,2.25E+11,4.202516612,74.742,3.885353868
Colombia,CO,COL,170,COL,2010,44816108,5209.544008,2.77E+11,2.272002279,75.033,3.642755602
Colombia,CO,COL,170,COL,2011,45308899,5510.900488,3.21E+11,3.415033448,75.32,3.081613642
Colombia,CO,COL,170,COL,2012,45782417,5667.293728,3.57E+11,3.169301888,75.597,3.158960235
Colombia,CO,COL,170,COL,2013,46237930,5899.554495,3.69E+11,2.016992243,75.827,3.274401004
Colombia,CO,COL,170,COL,2014,46677947,6106.862095,3.70E+11,2.898837878,76.043,3.108258848
Colombia,CO,COL,170,COL,2015,47119728,6228.426299,2.90E+11,4.989831158,76.257,3.109960084
Colombia,CO,COL,170,COL,2016,47625955,6290.852117,2.80E+11,7.513460246,76.471,3.071131026
Colombia,CO,COL,170,COL,2017,48351671,6280.663838,3.07E+11,4.314313257,76.646,3.209062437
Colombia,CO,COL,170,COL,2018,49276961,6320.762084,3.26E+11,3.240569329,76.748,3.062105511
Colombia,CO,COL,170,COL,2019,50187406,6403.877096,3.16E+11,3.523019327,76.752,3.140733964
Colombia,CO,COL,170,COL,2020,50930662,5865.654095,2.68E+11,2.526635001,74.769,3.499459342
Colombia,CO,COL,170,COL,2021,51516562,6418.097751,3.09E+11,3.495057574,,3.401893976
"Congo, the Democratic Republic of the",CD,COD,180,COD,1997,44822198,420.6241218,5684840492,198.5167074,50.402,1.410851124
"Congo, the Democratic Republic of the",CD,COD,180,COD,1998,45895524,404.1154661,5826806282,29.14880692,49.696,0.428454161
"Congo, the Democratic Republic of the",CD,COD,180,COD,1999,47227238,375.950509,4281472055,284.8949759,49.945,1.158150664
"Congo, the Democratic Republic of the",CD,COD,180,COD,2000,48616317,339.969435,18699788397,513.9068437,51.781,0.220260773
"Congo, the Democratic Republic of the",CD,COD,180,COD,2001,50106657,322.9300235,7061817563,359.9366143,52.116,
"Congo, the Democratic Republic of the",CD,COD,180,COD,2002,51662071,322.4400384,8430337555,31.5225826,52.333,
"Congo, the Democratic Republic of the",CD,COD,180,COD,2003,53205639,330.5489733,8710928320,12.87396572,52.827,0.880645711
"Congo, the Democratic Republic of the",CD,COD,180,COD,2004,54815607,342.459983,9989337556,3.994384008,53.426,1.336604385
"Congo, the Democratic Republic of the",CD,COD,180,COD,2005,56550247,352.321215,11457022517,21.31681672,53.927,1.380795458
"Congo, the Democratic Republic of the",CD,COD,180,COD,2006,58381630,359.4280566,13982219064,13.05269497,54.534,1.434633855
"Congo, the Democratic Republic of the",CD,COD,180,COD,2007,60289422,369.8407386,16102883773,16.94510065,54.923,1.254075528
"Congo, the Democratic Republic of the",CD,COD,180,COD,2008,62249724,380.4948944,18458639375,17.30138457,55.339,0.808542544
"Congo, the Democratic Republic of the",CD,COD,180,COD,2009,64270232,379.0548651,17862577173,2.8,55.836,0.656239765
"Congo, the Democratic Republic of the",CD,COD,180,COD,2010,66391257,393.0274343,20654939478,7.1,56.417,0.851731339
"Congo, the Democratic Republic of the",CD,COD,180,COD,2011,68654269,406.2010116,24543304632,15.31651591,57.069,0.92410908
"Congo, the Democratic Republic of the",CD,COD,180,COD,2012,70997870,420.6293478,27710051938,9.721828063,57.248,1.134550276
"Congo, the Democratic Republic of the",CD,COD,180,COD,2013,73460021,441.0129597,29868627089,0.808223101,57.762,1.146177977
"Congo, the Democratic Republic of the",CD,COD,180,COD,2014,76035588,466.4249271,32869069198,1.243038898,58.296,0.95024714
"Congo, the Democratic Republic of the",CD,COD,180,COD,2015,78656904,482.0645483,35126776383,0.744198995,58.49,1.295639749
"Congo, the Democratic Republic of the",CD,COD,180,COD,2016,81430977,476.8148846,36345365361,2.885851073,59.066,1.066108209
"Congo, the Democratic Republic of the",CD,COD,180,COD,2017,84283273,477.8478711,36945659018,,59.411,0.770467136
"Congo, the Democratic Republic of the",CD,COD,180,COD,2018,87087355,489.382354,45864379412,,59.942,0.623912515
"Congo, the Democratic Republic of the",CD,COD,180,COD,2019,89906890,494.8192269,48961722123,,60.276,0.708059013
"Congo, the Democratic Republic of the",CD,COD,180,COD,2020,92853164,487.4331126,47444089515,,59.739,0.749453965
"Congo, the Democratic Republic of the",CD,COD,180,COD,2021,95894118,501.2390674,51986874182,,,0.56168578
Congo,CG,COG,178,COG,1997,2875037,2063.318678,1661142499,,47.19,
Congo,CG,COG,178,COG,1998,2937166,2095.160289,1478608994,,50.894,
Congo,CG,COG,178,COG,1999,3016659,1987.274437,1645552973,4.142671373,52.757,
Congo,CG,COG,178,COG,2000,3134030,2057.767151,2280886123,-0.881991517,53.682,
Congo,CG,COG,178,COG,2001,3254101,2057.200356,1969428951,0.055989922,54.395,1.948493873
Congo,CG,COG,178,COG,2002,3331158,2101.690641,2183515346,4.378759718,55.088,2.341203858
Congo,CG,COG,178,COG,2003,3424653,2060.938941,2583994644,-0.631844987,55.948,2.682498277
Congo,CG,COG,178,COG,2004,3543012,2061.348201,3167358437,2.42976608,56.986,2.673874094
Congo,CG,COG,178,COG,2005,3672839,2142.705976,5043792455,3.094490115,58.126,1.657893917
Congo,CG,COG,178,COG,2006,3813323,2228.585458,6838187103,6.537843953,58.878,1.637114728
Congo,CG,COG,178,COG,2007,3956329,2005.960069,7369857158,2.654646451,59.643,2.260495005
Congo,CG,COG,178,COG,2008,4089602,2062.970186,10214800448,4.95875092,60.426,2.041300007
Congo,CG,COG,178,COG,2009,4257230,2212.361862,8961397289,4.415003748,61.088,
Congo,CG,COG,178,COG,2010,4437884,2333.074237,12221535293,0.391525011,61.683,1.778276155
Congo,CG,COG,178,COG,2011,4584216,2308.423468,14089660956,1.759587043,61.992,
Congo,CG,COG,178,COG,2012,4713257,2468.558484,16736473529,5.010187731,62.317,
Congo,CG,COG,178,COG,2013,4828066,2392.688741,17547364689,4.631616197,62.695,2.61779522
Congo,CG,COG,178,COG,2014,4944861,2493.088063,18175772728,0.912139545,62.95,5.007370687
Congo,CG,COG,178,COG,2015,5064386,2347.818499,11824419776,3.169097968,63.233,
Congo,CG,COG,178,COG,2016,5186824,2045.202259,9828534980,3.190561797,63.577,6.44878239
Congo,CG,COG,178,COG,2017,5312340,1909.365875,9536265232,0.450063823,63.76,4.209375353
Congo,CG,COG,178,COG,2018,5441062,1774.613901,12846704776,1.152778964,64.053,2.50811728
Congo,CG,COG,178,COG,2019,5570733,1731.79988,11342075652,2.206073058,62.747,2.748296599
Congo,CG,COG,178,COG,2020,5702174,1586.318297,8911342471,1.795371471,63.785,3.384330555
Congo,CG,COG,178,COG,2021,5835806,1515.893867,12782645699,1.715642755,,2.912711963
Côte d'Ivoire,CI,CIV,384,CIV,1997,15335453,1884.721983,11002798845,4.020833333,51.449,0.796851598
Ivory Coast,CI,CIV,384,CIV,1997,15335453,1884.721983,11002798845,4.020833333,51.449,0.796851598
Côte d'Ivoire,CI,CIV,384,CIV,1998,15858990,1900.213374,12020812548,4.611447595,51.108,
Ivory Coast,CI,CIV,384,CIV,1998,15858990,1900.213374,12020812548,4.611447595,51.108,
Côte d'Ivoire,CI,CIV,384,CIV,1999,16345894,1865.123045,11742586598,0.702375806,50.957,
Ivory Coast,CI,CIV,384,CIV,1999,16345894,1865.123045,11742586598,0.702375806,50.957,
Côte d'Ivoire,CI,CIV,384,CIV,2000,16799670,1809.920795,9739259485,2.530775167,50.842,
Ivory Coast,CI,CIV,384,CIV,2000,16799670,1809.920795,9739259485,2.530775167,50.842,
Côte d'Ivoire,CI,CIV,384,CIV,2001,17245468,1725.155936,9920429843,4.36152914,50.81,
Ivory Coast,CI,CIV,384,CIV,2001,17245468,1725.155936,9920429843,4.36152914,50.81,
Côte d'Ivoire,CI,CIV,384,CIV,2002,17683897,1636.446946,10857690890,3.077264852,50.886,
Ivory Coast,CI,CIV,384,CIV,2002,17683897,1636.446946,10857690890,3.077264852,50.886,
Côte d'Ivoire,CI,CIV,384,CIV,2003,18116451,1521.884837,13047013230,3.29680747,50.954,1.391605092
Ivory Coast,CI,CIV,384,CIV,2003,18116451,1521.884837,13047013230,3.29680747,50.954,1.391605092
Côte d'Ivoire,CI,CIV,384,CIV,2004,18544903,1534.076712,14789615105,1.457988356,51.363,1.51507182
Ivory Coast,CI,CIV,384,CIV,2004,18544903,1534.076712,14789615105,1.457988356,51.363,1.51507182
Côte d'Ivoire,CI,CIV,384,CIV,2005,18970215,1514.620553,16439389625,3.885830399,51.824,1.462534212
Ivory Coast,CI,CIV,384,CIV,2005,18970215,1514.620553,16439389625,3.885830399,51.824,1.462534212
Côte d'Ivoire,CI,CIV,384,CIV,2006,19394057,1523.233053,17106471364,2.467191486,52.355,1.501948666
Ivory Coast,CI,CIV,384,CIV,2006,19394057,1523.233053,17106471364,2.467191486,52.355,1.501948666
Côte d'Ivoire,CI,CIV,384,CIV,2007,19817700,1507.089591,19561215518,1.892006293,52.97,1.590764499
Ivory Coast,CI,CIV,384,CIV,2007,19817700,1507.089591,19561215518,1.892006293,52.97,1.590764499
Côte d'Ivoire,CI,CIV,384,CIV,2008,20244449,1545.880088,23421491786,6.308527692,53.653,1.522855742
Ivory Coast,CI,CIV,384,CIV,2008,20244449,1545.880088,23421491786,6.308527692,53.653,1.522855742
Côte d'Ivoire,CI,CIV,384,CIV,2009,20677762,1568.021131,23436745169,1.019504577,54.394,1.730239456
Ivory Coast,CI,CIV,384,CIV,2009,20677762,1568.021131,23436745169,1.019504577,54.394,1.730239456
Côte d'Ivoire,CI,CIV,384,CIV,2010,21120042,1640.315029,23995589514,1.226456121,55.023,1.557966049
Ivory Coast,CI,CIV,384,CIV,2010,21120042,1640.315029,23995589514,1.226456121,55.023,1.557966049
Côte d'Ivoire,CI,CIV,384,CIV,2011,21562914,1520.342298,24425276237,4.912433951,55.52,1.392028045
Ivory Coast,CI,CIV,384,CIV,2011,21562914,1520.342298,24425276237,4.912433951,55.52,1.392028045
Côte d'Ivoire,CI,CIV,384,CIV,2012,22010712,1602.910918,25926661657,1.304511199,56.158,1.521417072
Ivory Coast,CI,CIV,384,CIV,2012,22010712,1602.910918,25926661657,1.304511199,56.158,1.521417072
Côte d'Ivoire,CI,CIV,384,CIV,2013,22469268,1739.155189,29861784272,2.581170373,56.748,1.37538725
Ivory Coast,CI,CIV,384,CIV,2013,22469268,1739.155189,29861784272,2.581170373,56.748,1.37538725
Côte d'Ivoire,CI,CIV,384,CIV,2014,22995555,1858.615347,47933654936,0.448682077,57.208,1.475969049
Ivory Coast,CI,CIV,384,CIV,2014,22995555,1858.615347,47933654936,0.448682077,57.208,1.475969049
Côte d'Ivoire,CI,CIV,384,CIV,2015,23596741,1941.566336,44807384563,1.251499548,57.762,1.719446027
Ivory Coast,CI,CIV,384,CIV,2015,23596741,1941.566336,44807384563,1.251499548,57.762,1.719446027
Côte d'Ivoire,CI,CIV,384,CIV,2016,24213622,2027.939729,46887633191,0.723178458,58.06,1.707463673
Ivory Coast,CI,CIV,384,CIV,2016,24213622,2027.939729,46887633191,0.723178458,58.06,1.707463673
Côte d'Ivoire,CI,CIV,384,CIV,2017,24848016,2121.603009,50051967023,0.685881065,58.48,1.329599894
Ivory Coast,CI,CIV,384,CIV,2017,24848016,2121.603009,50051967023,0.685881065,58.48,1.329599894
Côte d'Ivoire,CI,CIV,384,CIV,2018,25493988,2210.325815,55809155337,0.359409031,58.849,1.413435448
Ivory Coast,CI,CIV,384,CIV,2018,25493988,2210.325815,55809155337,0.359409031,58.849,1.413435448
Côte d'Ivoire,CI,CIV,384,CIV,2019,26147551,2289.376521,56975603680,-1.10686344,59.319,1.227480729
Ivory Coast,CI,CIV,384,CIV,2019,26147551,2289.376521,56975603680,-1.10686344,59.319,1.227480729
Côte d'Ivoire,CI,CIV,384,CIV,2020,26811790,2276.839523,59502171962,2.425006568,59.032,1.328239978
Ivory Coast,CI,CIV,384,CIV,2020,26811790,2276.839523,59502171962,2.425006568,59.032,1.328239978
Côte d'Ivoire,CI,CIV,384,CIV,2021,27478249,2377.97344,67930954950,4.091951897,,1.251481329
Ivory Coast,CI,CIV,384,CIV,2021,27478249,2377.97344,67930954950,4.091951897,,1.251481329
Ecuador,EC,ECU,218,ECU,1997,11987838,4477.570934,27134639320,30.64298008,71.681,2.104171235
Ecuador,EC,ECU,218,ECU,1998,12199693,4543.536482,26810811406,36.09843316,72.045,2.357234865
Ecuador,EC,ECU,218,ECU,1999,12412046,4254.15121,18337918959,52.24235091,72.463,1.751925046
Ecuador,EC,ECU,218,ECU,2000,12626507,4227.552516,17103552776,96.09411369,72.839,1.452075953
Ecuador,EC,ECU,218,ECU,2001,12845521,4322.341882,23235924000,37.67802094,73.24,1.569375982
Ecuador,EC,ECU,218,ECU,2002,13070609,4421.934417,27296182800,12.48401857,73.613,1.768891985
Ecuador,EC,ECU,218,ECU,2003,13301184,4463.597184,30940439900,7.929410005,73.975,2.278553365
Ecuador,EC,ECU,218,ECU,2004,13534593,4746.807173,34751628400,2.742181329,74.279,1.940332799
Ecuador,EC,ECU,218,ECU,2005,13770012,4912.527491,39691563800,2.407769783,74.514,2.298402791
Ecuador,EC,ECU,218,ECU,2006,14009061,5041.3338,44974439600,3.298748463,74.689,2.029825877
Ecuador,EC,ECU,218,ECU,2007,14251835,5063.984478,48973356000,2.27618478,74.844,2.56823582
Ecuador,EC,ECU,218,ECU,2008,14496797,5294.899313,60290373000,8.40009594,74.983,2.665041736
Ecuador,EC,ECU,218,ECU,2009,14742766,5236.053684,61241510000,5.159968292,75.184,3.117418088
Ecuador,EC,ECU,218,ECU,2010,14989585,5331.383774,68569173000,3.554377346,75.43,3.010551292
Ecuador,EC,ECU,218,ECU,2011,15237728,5657.213016,78067843000,4.474532658,75.743,3.095110057
Ecuador,EC,ECU,218,ECU,2012,15483883,5881.381167,86587424000,5.10172181,76.062,2.945452865
Ecuador,EC,ECU,218,ECU,2013,15722989,6078.439563,93662124000,2.721775777,76.369,2.875890683
Ecuador,EC,ECU,218,ECU,2014,15957994,6215.838092,1.00E+11,3.589220166,76.622,2.739230809
Ecuador,EC,ECU,218,ECU,2015,16195902,6130.586676,97501257000,3.966646233,76.789,2.616074159
Ecuador,EC,ECU,218,ECU,2016,16439585,5965.643273,98028639000,1.728264633,76.763,2.5147668
Ecuador,EC,ECU,218,ECU,2017,16696944,6012.803317,1.02E+11,0.417335589,76.972,2.361263384
Ecuador,EC,ECU,218,ECU,2018,17015672,5976.245345,1.05E+11,-0.224103246,77.094,2.351887153
Ecuador,EC,ECU,218,ECU,2019,17343740,5863.910566,1.05E+11,0.266012515,77.297,2.183632409
Ecuador,EC,ECU,218,ECU,2020,17588595,5331.976611,96426857000,-0.338872393,72.153,2.531540587
Ecuador,EC,ECU,218,ECU,2021,17797737,5492.489271,1.05E+11,0.133251386,,2.455712023
Equatorial Guinea,GQ,GNQ,226,GNQ,1997,605570,2424.828508,387373514.9,3.016505407,52.061,
Equatorial Guinea,GQ,GNQ,226,GNQ,1998,629734,2886.153053,290375972.7,7.935710698,52.382,
Equatorial Guinea,GQ,GNQ,226,GNQ,1999,655029,3486.798938,520234190.7,0.37226617,52.752,
Equatorial Guinea,GQ,GNQ,226,GNQ,2000,684977,3941.663522,675806916.3,4.802288869,53.226,
Equatorial Guinea,GQ,GNQ,226,GNQ,2001,719270,6132.847296,587616433.7,8.825389259,53.636,
Equatorial Guinea,GQ,GNQ,226,GNQ,2002,754115,6987.942647,821380430.5,7.592478498,54.085,
Equatorial Guinea,GQ,GNQ,226,GNQ,2003,789681,7604.480697,924205363.8,7.323543994,54.581,
Equatorial Guinea,GQ,GNQ,226,GNQ,2004,826355,10028.35435,1481460301,4.219687871,55.036,
Equatorial Guinea,GQ,GNQ,226,GNQ,2005,864726,11188.44854,4173013695,5.631633514,55.464,
Equatorial Guinea,GQ,GNQ,226,GNQ,2006,905418,11508.92592,7939532609,4.415899842,56.046,
Equatorial Guinea,GQ,GNQ,226,GNQ,2007,948814,12660.90547,10450746474,2.803738318,56.54,1.501825824
Equatorial Guinea,GQ,GNQ,226,GNQ,2008,994971,14222.54884,14636832123,6.551766912,57.074,1.482309067
Equatorial Guinea,GQ,GNQ,226,GNQ,2009,1043686,13740.83997,9938850407,4.691065677,57.431,2.474929604
Equatorial Guinea,GQ,GNQ,226,GNQ,2010,1094524,11933.31103,9578455128,7.78916548,57.878,
Equatorial Guinea,GQ,GNQ,226,GNQ,2011,1144588,12155.81874,13819220310,4.805389222,58.412,
Equatorial Guinea,GQ,GNQ,226,GNQ,2012,1193636,12625.29592,14844233177,3.656620483,58.865,
Equatorial Guinea,GQ,GNQ,226,GNQ,2013,1243941,11614.00291,15003862699,2.948876946,59.224,
Equatorial Guinea,GQ,GNQ,226,GNQ,2014,1295183,11200.81068,14796387635,4.309998661,59.595,0.766177854
Equatorial Guinea,GQ,GNQ,226,GNQ,2015,1346973,9788.983771,9945017664,1.676630853,60.103,1.041432076
Equatorial Guinea,GQ,GNQ,226,GNQ,2016,1398927,8594.45019,8709938548,1.411939155,60.479,1.237123381
Equatorial Guinea,GQ,GNQ,226,GNQ,2017,1450694,7818.053564,8983530337,0.745599218,60.821,1.100368826
Equatorial Guinea,GQ,GNQ,226,GNQ,2018,1502091,7079.650502,10026979628,1.349884388,61.191,1.072141334
Equatorial Guinea,GQ,GNQ,226,GNQ,2019,1553031,6472.070861,8329917011,1.238698602,61.644,1.214082765
Equatorial Guinea,GQ,GNQ,226,GNQ,2020,1596049,6030.51757,7454529368,4.769704981,60.708,1.510526715
Equatorial Guinea,GQ,GNQ,226,GNQ,2021,1634466,5833.102932,9147762171,,,1.305171549
Gabon,GA,GAB,266,GAB,1997,1179806,8882.402849,4610324869,3.973450075,60.662,
Gabon,GA,GAB,266,GAB,1998,1209832,8963.204949,3968303450,1.448738543,60.79,
Gabon,GA,GAB,266,GAB,1999,1240764,7959.064769,4094076971,-1.936603976,60.849,
Gabon,GA,GAB,266,GAB,2000,1272935,7611.835688,4299812168,0.504920026,61.069,1.801452248
Gabon,GA,GAB,266,GAB,2001,1306590,7574.114889,4393551482,2.137620527,61.27,1.793952098
Gabon,GA,GAB,266,GAB,2002,1341696,7357.566689,4854435522,0.036682889,61.292,1.783170277
Gabon,GA,GAB,266,GAB,2003,1378398,7322.606116,5797168603,2.235353136,61.671,1.668327933
Gabon,GA,GAB,266,GAB,2004,1417110,7171.683509,6576889964,0.408205307,61.838,1.613166169
Gabon,GA,GAB,266,GAB,2005,1458353,7155.365461,8624810909,3.708333333,61.959,1.248682169
Gabon,GA,GAB,266,GAB,2006,1502534,6750.050826,8966978264,-1.409401366,62.375,1.28261921
Gabon,GA,GAB,266,GAB,2007,1549774,6937.485111,10624577835,5.030318837,62.618,
Gabon,GA,GAB,266,GAB,2008,1599978,6497.481217,13406692825,5.264301456,63.083,
Gabon,GA,GAB,266,GAB,2009,1653542,6295.199034,10736261661,1.885707546,63.303,
Gabon,GA,GAB,266,GAB,2010,1711105,6514.731141,12484463860,1.461544027,63.898,1.871622566
Gabon,GA,GAB,266,GAB,2011,1772500,6735.082856,15711224401,1.263317078,64.045,1.46243423
Gabon,GA,GAB,266,GAB,2012,1836705,6840.948589,15456971601,2.652418287,64.587,1.619804648
Gabon,GA,GAB,266,GAB,2013,1902226,6977.770246,15890972052,0.505441059,64.776,1.604047179
Gabon,GA,GAB,266,GAB,2014,1966855,7039.682125,17256250321,4.690457518,64.974,1.144818396
Gabon,GA,GAB,266,GAB,2015,2028517,7090.45461,13188718851,-0.338795189,65.46,1.185025608
Gabon,GA,GAB,266,GAB,2016,2086206,7038.577254,12934875312,2.106707128,65.802,1.447542623
Gabon,GA,GAB,266,GAB,2017,2140215,6893.384304,13985729748,2.651925831,66.189,1.810489535
Gabon,GA,GAB,266,GAB,2018,2192012,6786.890327,15754973532,4.749066521,66.306,1.548722767
Gabon,GA,GAB,266,GAB,2019,2242785,6893.323082,15511133836,2.464567562,66.603,1.580901717
Gabon,GA,GAB,266,GAB,2020,2292573,6619.688581,14503352838,1.17681176,66.531,1.710261135
Gabon,GA,GAB,266,GAB,2021,2341179,6577.044153,17052331402,,,1.710036103
Gambia,GM,GMB,270,GMB,1997,1317002,627.5564645,779877139.7,2.7812279,56.06,0.407575946
Gambia,GM,GMB,270,GMB,1998,1356189,630.7530641,814984158.8,1.114188412,56.554,0.384833815
Gambia,GM,GMB,270,GMB,1999,1396499,651.7493121,785843994.3,3.812372054,56.816,0.325833061
Gambia,GM,GMB,270,GMB,2000,1437539,667.965505,752681081.7,0.844969567,56.942,0.315793599
Gambia,GM,GMB,270,GMB,2001,1479449,686.687815,656184060.9,4.492596092,57.043,0.234862059
Gambia,GM,GMB,270,GMB,2002,1522223,645.7018536,545288099.1,8.609124744,57.08,0.24438081
Gambia,GM,GMB,270,GMB,2003,1566257,670.6610671,464321035.4,17.03286654,57.586,0.227388636
Gambia,GM,GMB,270,GMB,2004,1612225,697.4725837,941271640.8,14.20674328,58.088,0.192621402
Gambia,GM,GMB,270,GMB,2005,1660368,661.3220355,1005256868,4.838621775,58.394,0.277027429
Gambia,GM,GMB,270,GMB,2006,1711294,638.0770666,1029031897,2.056503424,59.06,0.260242378
Gambia,GM,GMB,270,GMB,2007,1764883,637.5311207,1253851721,5.369134738,59.394,0.355318377
Gambia,GM,GMB,270,GMB,2008,1820542,656.7040331,1536174172,4.443654909,60.082,1.098984204
Gambia,GM,GMB,270,GMB,2009,1878119,679.0037402,1422147063,4.561506877,60.427,0.489283634
Gambia,GM,GMB,270,GMB,2010,1937275,697.162699,1513386209,5.049680759,60.717,
Gambia,GM,GMB,270,GMB,2011,1998212,620.9483398,1377827103,4.795882662,61.526,
Gambia,GM,GMB,270,GMB,2012,2061014,633.5828401,1385746819,4.254321998,62.096,0.78961347
Gambia,GM,GMB,270,GMB,2013,2124869,632.1972706,1345938956,5.699129896,62.114,0.754494266
Gambia,GM,GMB,270,GMB,2014,2189019,605.0338079,1200490602,5.947999357,62.269,1.187509127
Gambia,GM,GMB,270,GMB,2015,2253133,611.6713342,1345126869,6.808454946,62.494,1.008858467
Gambia,GM,GMB,270,GMB,2016,2317206,606.3163144,1456755151,7.228792721,63.013,
Gambia,GM,GMB,270,GMB,2017,2381182,618.4808851,1476610604,8.034189745,62.995,
Gambia,GM,GMB,270,GMB,2018,2444916,645.9383087,1641471457,6.520968239,63.04,0.702928018
Gambia,GM,GMB,270,GMB,2019,2508883,668.6352484,1783608280,7.115676256,63.755,0.810245701
Gambia,GM,GMB,270,GMB,2020,2573995,655.5762426,1785258593,5.931276366,62.612,0.828282147
Gambia,GM,GMB,270,GMB,2021,2639916,666.4712123,1987167103,7.370347589,,0.748651383
Ghana,GH,GHA,288,GHA,1997,18268040,968.8569927,6757509277,27.88520864,57.199,0.405428573
Ghana,GH,GHA,288,GHA,1998,18714708,990.1862227,7329127595,14.62416667,57.6,0.471706006
Ghana,GH,GHA,288,GHA,1999,19176791,1008.845091,7555452363,4.865397851,58.03,0.471795171
Ghana,GH,GHA,288,GHA,2000,19665502,1020.173739,4836061112,40.24093312,58.195,0.627279006
Ghana,GH,GHA,288,GHA,2001,20195577,1033.133041,5206827726,41.50949629,58.107,0.373922952
Ghana,GH,GHA,288,GHA,2002,20758326,1050.355895,6036889828,9.360932396,58.608,0.368353827
Ghana,GH,GHA,288,GHA,2003,21329514,1075.384037,7467434241,29.77297972,59.111,0.428512777
Ghana,GH,GHA,288,GHA,2004,21906444,1105.698138,8683188883,18.04273882,59.191,0.389777264
Ghana,GH,GHA,288,GHA,2005,22496951,1140.199319,10613532479,15.43899202,59.76,0.367459297
Ghana,GH,GHA,288,GHA,2006,23098586,1181.57234,20312963392,11.67918394,59.988,0.371042977
Ghana,GH,GHA,288,GHA,2007,23708320,1201.224399,24687276968,10.73426655,60.224,0.509249882
Ghana,GH,GHA,288,GHA,2008,24326087,1277.837444,28562049035,16.49463961,60.49,0.39844462
Ghana,GH,GHA,288,GHA,2009,24950762,1306.199915,25953825267,19.24694822,60.946,0.455352364
Ghana,GH,GHA,288,GHA,2010,25574719,1375.000574,31663124545,10.73338984,61.157,0.380677684
Ghana,GH,GHA,288,GHA,2011,26205941,1530.376638,38114303104,8.728459371,61.652,0.592259763
Ghana,GH,GHA,288,GHA,2012,26858762,1631.937814,39174956052,11.18634094,62.081,0.804165256
Ghana,GH,GHA,288,GHA,2013,27525597,1708.847326,61072600585,11.66619231,62.42,0.533396427
Ghana,GH,GHA,288,GHA,2014,28196358,1715.843363,51920119658,15.48961603,63.045,0.678998541
Ghana,GH,GHA,288,GHA,2015,28870939,1711.290666,47921089700,17.1499695,63.175,0.526514224
Ghana,GH,GHA,288,GHA,2016,29554303,1728.116616,53961581129,17.45463471,63.89,0.38237993
Ghana,GH,GHA,288,GHA,2017,30222262,1827.294579,57431697460,12.37192155,64.013,0.401629021
Ghana,GH,GHA,288,GHA,2018,30870641,1899.829903,64270236560,7.808765166,64.122,0.419660326
Ghana,GH,GHA,288,GHA,2019,31522290,1981.636156,65527306781,7.143640033,64.74,0.441936078
Ghana,GH,GHA,288,GHA,2020,32180401,1951.086529,70776628000,9.887289563,64.114,0.446156223
Ghana,GH,GHA,288,GHA,2021,32833031,2014.736474,75637343975,9.971088675,,0.492100595
Guinea,GN,GIN,324,GIN,1997,7842806,598.4561135,3672785044,,51.356,1.172819262
Guinea,GN,GIN,324,GIN,1998,7992545,608.6440262,3468765494,,52.049,1.254991803
Guinea,GN,GIN,324,GIN,1999,8174897,617.7514016,3382322535,,52.356,1.595131143
Guinea,GN,GIN,324,GIN,2000,8336967,620.9044599,2922237265,,52.479,1.534637514
Guinea,GN,GIN,324,GIN,2001,8445717,635.3318295,2742369253,,52.662,3.100210546
Guinea,GN,GIN,324,GIN,2002,8577790,657.8567608,2917567837,,53.278,3.324680244
Guinea,GN,GIN,324,GIN,2003,8772254,651.3052606,3200990212,,53.678,2.441181415
Guinea,GN,GIN,324,GIN,2004,8961039,652.5042236,3366577582,,54.117,2.22856441
Guinea,GN,GIN,324,GIN,2005,9140114,658.894385,2657936712,31.37330259,54.632,
Guinea,GN,GIN,324,GIN,2006,9330625,653.1193818,4179199243,34.6952706,55.108,
Guinea,GN,GIN,324,GIN,2007,9547082,681.8281797,6218767656,18.17556561,55.553,
Guinea,GN,GIN,324,GIN,2008,9779785,693.1141093,6872979194,23.06561294,56.044,
Guinea,GN,GIN,324,GIN,2009,10021323,668.8147463,6548704567,4.68438869,56.348,
Guinea,GN,GIN,324,GIN,2010,10270728,683.9845886,6776357857,15.46198107,56.72,
Guinea,GN,GIN,324,GIN,2011,10527712,704.7373277,6651747174,21.35046642,57.019,
Guinea,GN,GIN,324,GIN,2012,10788692,728.3684414,7516065254,15.22510139,57.406,2.286598227
Guinea,GN,GIN,324,GIN,2013,11055430,738.840597,7971453845,11.88789561,57.791,2.349606844
Guinea,GN,GIN,324,GIN,2014,11333365,747.3634151,8494333615,7.07202121,57.886,2.240219514
Guinea,GN,GIN,324,GIN,2015,11625998,756.4255941,8650959121,10.82068212,58.134,2.517735345
Guinea,GN,GIN,324,GIN,2016,11930985,816.8470839,8446956121,8.172116963,58.763,1.88205381
Guinea,GN,GIN,324,GIN,2017,12240789,878.1792764,10274041360,8.91452597,59.109,1.768122506
Guinea,GN,GIN,324,GIN,2018,12554864,910.652647,11448771522,9.826001808,59.349,1.636814205
Guinea,GN,GIN,324,GIN,2019,12877539,937.7031368,12782497681,9.470779373,59.72,1.445135682
Guinea,GN,GIN,324,GIN,2020,13205153,959.4319784,12861450266,10.60186,59.327,1.438899366
Guinea,GN,GIN,324,GIN,2021,13531906,972.7790353,14217021446,12.59706951,,1.484541117
Guinea-Bissau,GW,GNB,624,GNB,1997,1162443,779.3110737,253850808.7,49.10092358,47.997,0.650521153
Guinea-Bissau,GW,GNB,624,GNB,1998,1184071,550.0900408,192357495.6,8.01375519,47.716,1.404761905
Guinea-Bissau,GW,GNB,624,GNB,1999,1206474,545.4120504,210146642.9,-2.086305132,48.006,
Guinea-Bissau,GW,GNB,624,GNB,2000,1230849,563.6243086,358663940.7,8.636320949,50.121,2.628030362
Guinea-Bissau,GW,GNB,624,GNB,2001,1257380,563.8086023,376717458.3,3.348122655,50.445,1.626726771
Guinea-Bissau,GW,GNB,624,GNB,2002,1285678,545.9668155,409024940,3.300121753,50.986,1.558602899
Guinea-Bissau,GW,GNB,624,GNB,2003,1315653,536.5610155,466427337,-3.502585511,51.405,1.575423111
Guinea-Bissau,GW,GNB,624,GNB,2004,1347009,538.5425209,521762133.6,0.883302697,52.15,
Guinea-Bissau,GW,GNB,624,GNB,2005,1379713,548.2073639,575592778.2,3.329199228,52.249,2.064836713
Guinea-Bissau,GW,GNB,624,GNB,2006,1414091,547.2321729,586774105.4,1.954737176,53.371,
Guinea-Bissau,GW,GNB,624,GNB,2007,1450572,550.876494,693393880.5,4.617437722,54.155,
Guinea-Bissau,GW,GNB,624,GNB,2008,1488431,554.063491,854545468.8,10.46007314,54.646,
Guinea-Bissau,GW,GNB,624,GNB,2009,1527196,558.192083,819881779.8,-1.651397336,55.541,1.662384767
Guinea-Bissau,GW,GNB,624,GNB,2010,1567220,569.0176241,846239040.5,2.517851402,56.23,2.017526129
Guinea-Bissau,GW,GNB,624,GNB,2011,1609017,599.0451997,1106262188,5.046102263,56.967,1.595059118
Guinea-Bissau,GW,GNB,624,GNB,2012,1652717,573.2171965,994656463.2,2.130545803,57.69,2.4755946
Guinea-Bissau,GW,GNB,624,GNB,2013,1697753,576.1798854,1026052962,1.207125557,58.232,2.076018119
Guinea-Bissau,GW,GNB,624,GNB,2014,1743309,566.5355767,1092300692,-1.509244606,58.61,2.03802352
Guinea-Bissau,GW,GNB,624,GNB,2015,1788919,585.9570106,1073811498,1.476720489,59.128,1.625961245
Guinea-Bissau,GW,GNB,624,GNB,2016,1834552,607.1663348,1208741920,1.503120559,59.674,1.335409609
Guinea-Bissau,GW,GNB,624,GNB,2017,1879826,627.6169351,1352932628,1.691114618,60.066,1.424578577
Guinea-Bissau,GW,GNB,624,GNB,2018,1924955,620.7710283,1453500084,0.381324703,60.502,1.485369528
Guinea-Bissau,GW,GNB,624,GNB,2019,1970457,633.7257438,1470018484,0.246600268,60.882,1.652794305
Guinea-Bissau,GW,GNB,624,GNB,2020,2015828,604.595146,1456255017,1.140009394,59.999,1.736152603
Guinea-Bissau,GW,GNB,624,GNB,2021,2060721,613.8981099,1640828020,2.242488796,,1.782638659
Guyana,GY,GUY,328,GUY,1997,755211,3813.20336,675683469.2,3.555670906,63.356,
Guyana,GY,GUY,328,GUY,1998,756697,3741.813067,661358372.7,4.586466165,63.9,
Guyana,GY,GUY,328,GUY,1999,758014,3845.882814,626125003.7,7.538219399,64.17,
Guyana,GY,GUY,328,GUY,2000,759051,3788.250004,668697606.8,6.14854333,64.483,1.765977248
Guyana,GY,GUY,328,GUY,2001,759809,3870.738604,660857203.3,2.627413142,64.788,2.017945623
Guyana,GY,GUY,328,GUY,2002,760323,3911.933265,671139695.3,5.341015214,64.728,2.293286681
Guyana,GY,GUY,328,GUY,2003,760562,3885.979511,700124769,5.980978141,64.6,2.199716827
Guyana,GY,GUY,328,GUY,2004,760424,3947.447297,755942664.8,4.668466224,64.93,2.809324834
Guyana,GY,GUY,328,GUY,2005,759709,3874.076933,804427767.4,6.925543039,65.132,1.410485837
Guyana,GY,GUY,328,GUY,2006,758367,4080.009142,2310819520,6.677157904,65.667,1.314883633
Guyana,GY,GUY,328,GUY,2007,756521,4384.083878,2719807441,12.20015444,66.254,1.434891751
Guyana,GY,GUY,328,GUY,2008,754150,4475.059558,3010395401,8.10202207,66.288,1.587459707
Guyana,GY,GUY,328,GUY,2009,751258,4654.5258,3148777420,2.952300964,66.563,1.533188256
Guyana,GY,GUY,328,GUY,2010,747932,4868.705563,3445692953,3.733377577,66.743,1.375436888
Guyana,GY,GUY,328,GUY,2011,744230,5147.172443,3682055317,4.977735637,66.982,1.258127723
Guyana,GY,GUY,328,GUY,2012,743966,5420.67715,4087056241,2.391935213,67.23,1.172176328
Guyana,GY,GUY,328,GUY,2013,747420,5592.756441,4196342418,1.901251819,67.473,1.176947343
Guyana,GY,GUY,328,GUY,2014,751115,5659.075248,4154314709,0.852630498,67.882,1.276332004
Guyana,GY,GUY,328,GUY,2015,755031,5668.429765,4304537269,-1.001734328,68.201,1.452213332
Guyana,GY,GUY,328,GUY,2016,759087,5852.837731,4478082235,0.836008062,68.384,1.476476872
Guyana,GY,GUY,328,GUY,2017,763252,6038.273456,4736697060,1.904656155,68.667,1.650397728
Guyana,GY,GUY,328,GUY,2018,785514,6127.705381,4759901433,1.282842884,68.896,1.593320009
Guyana,GY,GUY,328,GUY,2019,798753,6348.69809,5127130584,2.087230892,69.124,1.60417879
Guyana,GY,GUY,328,GUY,2020,797202,9126.806047,5363089689,0.993337023,68.486,1.390158582
Guyana,GY,GUY,328,GUY,2021,804567,10857.33815,7654530395,5.032855746,,0.956516235
Kenya,KE,KEN,404,KEN,1997,28364264,1214.847061,12943578956,11.36184505,54.816,1.340638598
Kenya,KE,KEN,404,KEN,1998,29137373,1221.523731,13964091743,6.722436508,54.526,1.220122519
Kenya,KE,KEN,404,KEN,1999,29965129,1215.163343,12723150904,5.742001095,54.495,1.186974148
Kenya,KE,KEN,404,KEN,2000,30851606,1187.325242,12575576937,9.980025154,54.411,1.313742032
Kenya,KE,KEN,404,KEN,2001,31800343,1195.443206,12838507614,5.738598143,54.508,1.504754902
Kenya,KE,KEN,404,KEN,2002,32779823,1166.064728,13026157962,1.961308217,54.99,1.632407811
Kenya,KE,KEN,404,KEN,2003,33767122,1165.165545,14738442157,9.81569063,55.601,1.650099843
Kenya,KE,KEN,404,KEN,2004,34791836,1188.570142,15953749660,11.62403554,56.361,1.614194237
Kenya,KE,KEN,404,KEN,2005,35843010,1221.858705,18731703508,10.31277836,57.344,1.690587014
Kenya,KE,KEN,404,KEN,2006,36925253,1262.814062,25755442381,14.45373421,58.222,1.45517741
Kenya,KE,KEN,404,KEN,2007,38036793,1309.895012,31814012977,9.75888023,58.865,1.54791228
Kenya,KE,KEN,404,KEN,2008,39186895,1274.404069,35863494629,26.23981664,59.614,1.615850294
Kenya,KE,KEN,404,KEN,2009,40364444,1278.14029,36976859034,9.234125924,60.365,1.561448035
Kenya,KE,KEN,404,KEN,2010,41517895,1342.768059,39852460837,3.961388891,60.649,1.555137868
Kenya,KE,KEN,404,KEN,2011,42635144,1374.543588,41961912290,14.02249396,61.046,1.541418951
Kenya,KE,KEN,404,KEN,2012,43725806,1401.490154,50187342659,9.377767482,61.115,1.666388978
Kenya,KE,KEN,404,KEN,2013,44792368,1420.078013,54496759863,5.71749357,61.389,1.561909916
Kenya,KE,KEN,404,KEN,2014,45831863,1457.542368,60579806471,6.878154993,61.816,1.33290268
Kenya,KE,KEN,404,KEN,2015,46851488,1496.652856,63195105853,6.582174403,61.892,1.318070261
Kenya,KE,KEN,404,KEN,2016,47894670,1525.742821,73804795654,6.297157525,62.163,1.348739783
Kenya,KE,KEN,404,KEN,2017,48948137,1550.202715,80474762332,8.005722791,62.481,1.289110978
Kenya,KE,KEN,404,KEN,2018,49953304,1604.802164,90812256667,4.689819761,62.676,1.266408803
Kenya,KE,KEN,404,KEN,2019,50951450,1653.828194,98774891656,5.235859994,62.943,1.16769139
Kenya,KE,KEN,404,KEN,2020,51985780,1616.868131,98931055474,5.404814672,62.675,1.113932707
Kenya,KE,KEN,404,KEN,2021,53005614,1704.966576,1.09E+11,6.110909164,,1.119109123
Liberia,LR,LBR,430,LBR,1997,2383300,,,,47.847,
Liberia,LR,LBR,430,LBR,1998,2639224,,,,48.901,
Liberia,LR,LBR,430,LBR,1999,2789743,,,,49.953,
Liberia,LR,LBR,430,LBR,2000,2895224,763.4268725,772600000,,51.356,
Liberia,LR,LBR,430,LBR,2001,2981648,762.9466649,749500300,,52.752,
Liberia,LR,LBR,430,LBR,2002,3060599,771.2349664,763200400,14.15964701,53.788,
Liberia,LR,LBR,430,LBR,2003,3085173,534.4539527,595100100,10.33028812,53.042,
Liberia,LR,LBR,430,LBR,2004,3122447,541.9086736,730700200,7.829087049,56.013,0.634351669
Liberia,LR,LBR,430,LBR,2005,3266318,545.3980631,793400200,10.83435885,56.912,0.856442096
Liberia,LR,LBR,430,LBR,2006,3455397,557.0246263,966999900,7.341446083,57.62,0.476173999
Liberia,LR,LBR,430,LBR,2007,3632740,580.352736,1218799900,11.39189668,58.285,0.311075183
Liberia,LR,LBR,430,LBR,2008,3783887,596.9842925,1566400000,17.48944864,58.772,0.497952236
Liberia,LR,LBR,430,LBR,2009,3905066,609.1205965,1623399900,7.427643059,59.194,0.651749771
Liberia,LR,LBR,430,LBR,2010,4019956,627.8053786,1818599900,7.289927969,59.433,0.816738926
Liberia,LR,LBR,430,LBR,2011,4181150,653.1018707,2273155200,8.488167518,59.62,1.05878497
Liberia,LR,LBR,430,LBR,2012,4331740,680.7900122,2529644000,6.831787034,59.913,1.182027432
Liberia,LR,LBR,430,LBR,2013,4427313,723.9591843,2875704600,7.577306817,59.943,1.081236773
Liberia,LR,LBR,430,LBR,2014,4519398,714.18249,2892652000,9.861112856,59.121,1.032529165
Liberia,LR,LBR,430,LBR,2015,4612329,699.6629469,2947075700,7.748696876,59.148,1.051498096
Liberia,LR,LBR,430,LBR,2016,4706097,675.0596106,3117419600,8.834248683,60.416,1.062638322
Liberia,LR,LBR,430,LBR,2017,4796631,678.5791441,3087813500,12.41963239,60.553,0.94000927
Liberia,LR,LBR,430,LBR,2018,4889391,673.411392,2985754800,23.5635149,60.853,0.938216027
Liberia,LR,LBR,430,LBR,2019,4985289,644.1620652,2965834700,,61.104,0.940305254
Liberia,LR,LBR,430,LBR,2020,5087584,612.3842476,2887982500,,60.948,0.914742048
Liberia,LR,LBR,430,LBR,2021,5193416,629.8205547,3297000000,,,0.951294573
Mali,ML,MLI,466,MLI,1997,10359301,531.5771835,2643959254,-0.362999796,48.531,1.496852238
Mali,ML,MLI,466,MLI,1998,10620475,557.7643394,2869578291,4.03658946,49.164,1.404632311
Mali,ML,MLI,466,MLI,1999,10916993,573.5489882,3396108683,-1.201903686,49.797,1.492289928
Mali,ML,MLI,466,MLI,2000,11239101,556.7723922,2931331695,-0.677661659,50.539,1.478649744
Mali,ML,MLI,466,MLI,2001,11583824,623.2663723,3302171358,5.187011919,51.284,1.295172228
Mali,ML,MLI,466,MLI,2002,11952660,622.7967208,3666811362,5.032822757,52.222,1.268850431
Mali,ML,MLI,466,MLI,2003,12342165,658.1427166,4553871438,-1.34672619,52.893,1.419333113
Mali,ML,MLI,466,MLI,2004,12751995,646.9280475,5272203027,-3.099781281,53.538,1.421998844
Mali,ML,MLI,466,MLI,2005,13180551,666.7944196,6040786478,6.397882939,54.003,1.384312041
Mali,ML,MLI,466,MLI,2006,13623541,675.1889472,6648290206,1.543525969,54.615,1.39141541
Mali,ML,MLI,466,MLI,2007,14080912,676.0800295,7857251241,1.412002017,54.941,1.355034028
Mali,ML,MLI,466,MLI,2008,14551117,685.4606682,9524579675,9.170988137,55.291,1.458547116
Mali,ML,MLI,466,MLI,2009,15032635,695.3944842,9764553708,2.463751886,55.874,1.417282858
Mali,ML,MLI,466,MLI,2010,15529181,708.9304715,10269427724,1.108926907,56.382,1.374566808
Mali,ML,MLI,466,MLI,2011,16039734,708.4186701,12532792055,2.955643952,56.755,1.24103333
Mali,ML,MLI,466,MLI,2012,16514687,682.2878419,11981791174,5.323128471,57.079,1.196405745
Mali,ML,MLI,466,MLI,2013,17004033,677.8611387,12810032895,-0.606736356,57.357,1.161980014
Mali,ML,MLI,466,MLI,2014,17551814,703.2310321,13980008239,0.883814547,57.9,1.520379221
Mali,ML,MLI,466,MLI,2015,18112907,723.5042025,12808995389,1.450690576,58.363,2.360162267
Mali,ML,MLI,466,MLI,2016,18700106,741.7976322,13651411051,-1.799647071,58.731,2.587226876
Mali,ML,MLI,466,MLI,2017,19311355,756.4280706,14864815499,1.759857429,59.132,3.026635517
Mali,ML,MLI,466,MLI,2018,19934298,767.5715929,16560621640,0.299546507,59.393,2.806944707
Mali,ML,MLI,466,MLI,2019,20567424,779.3266223,16584807517,-1.658266948,59.664,2.713526371
Mali,ML,MLI,466,MLI,2020,21224040,745.8859823,16726618172,0.43808894,58.633,3.328144813
Mali,ML,MLI,466,MLI,2021,21904983,744.7604248,18250317610,3.925602831,,2.821948308
Niger,NE,NER,562,NER,1997,10494201,397.5052326,2343959387,2.933452534,47.505,0.932594645
Niger,NE,NER,562,NER,1998,10854920,422.6201043,2741213608,4.548015777,48.191,1.06122449
Niger,NE,NER,562,NER,1999,11231469,407.5544326,2639592205,-2.302125038,48.738,1.166908096
Niger,NE,NER,562,NER,2000,11622665,389.0775217,2336466340,2.900149736,49.322,1.164610816
Niger,NE,NER,562,NER,2001,12031430,403.1766222,2562005989,4.005514284,49.841,1.320159783
Niger,NE,NER,562,NER,2002,12456517,408.5713567,2922900598,2.628865979,50.562,0.963347955
Niger,NE,NER,562,NER,2003,12900790,403.0641981,3555180480,-1.614407692,51.434,0.931763627
Niger,NE,NER,562,NER,2004,13366885,390.4248222,3991628415,0.262543757,52.589,1.091187297
Niger,NE,NER,562,NER,2005,13855221,404.2805675,4657521344,7.797497818,53.59,0.973576679
Niger,NE,NER,562,NER,2006,14365168,413.0559588,5051726446,0.04048583,54.596,
Niger,NE,NER,562,NER,2007,14897873,410.8033067,6067305139,0.053959261,55.553,
Niger,NE,NER,562,NER,2008,15455175,426.605679,7693546935,11.30510988,56.508,0.992537782
Niger,NE,NER,562,NER,2009,16037915,419.1732474,7756099637,0.582906591,57.396,0.982009828
Niger,NE,NER,562,NER,2010,16647543,438.4638813,8283686240,0.804073081,58.367,1.169691196
Niger,NE,NER,562,NER,2011,17283112,432.2975608,9327273320,2.94238514,58.994,1.309803688
Niger,NE,NER,562,NER,2012,17954407,460.0322351,9746583207,0.45508982,59.65,2.144356984
Niger,NE,NER,562,NER,2013,18653199,466.3336744,10626393683,2.29723115,60.239,1.383215316
Niger,NE,NER,562,NER,2014,19372014,478.8551522,11351530351,-0.93028726,60.786,1.769085738
Niger,NE,NER,562,NER,2015,20128124,481.1112995,10161941991,-0.57609037,61.083,
Niger,NE,NER,562,NER,2016,20921743,489.4338107,10734605107,1.653889224,61.629,2.185306217
Niger,NE,NER,562,NER,2017,21737922,494.6166463,11600277119,2.796373189,62.16,2.486945777
Niger,NE,NER,562,NER,2018,22577058,510.5731293,13405989147,2.96760366,62.454,2.471940558
Niger,NE,NER,562,NER,2019,23443393,520.9193984,13479237976,-2.489792651,62.897,2.651043859
Niger,NE,NER,562,NER,2020,24333639,519.6787935,13156292048,2.89819376,61.451,2.434238317
Niger,NE,NER,562,NER,2021,25252722,507.7111299,15188307693,3.837868028,,1.841671602
Nigeria,NG,NGA,566,NGA,1997,113791181,1457.228191,52221675470,8.529874214,45.792,0.435835755
Nigeria,NG,NGA,566,NGA,1998,116690527,1457.701404,51777584259,9.996378124,46.036,0.548312393
Nigeria,NG,NGA,566,NGA,1999,119695565,1429.405881,57896917104,6.618373395,46.614,0.85541563
Nigeria,NG,NGA,566,NGA,2000,122851984,1462.536292,63300677661,6.933292156,47.193,0.543531645
Nigeria,NG,NGA,566,NGA,2001,126152678,1508.553895,68770282527,18.87364621,47.619,0.780315877
Nigeria,NG,NGA,566,NGA,2002,129583026,1693.746069,88977832497,12.8765792,47.928,0.954338045
Nigeria,NG,NGA,566,NGA,2003,133119801,1769.882595,97091896744,14.03178361,48.441,0.570707545
Nigeria,NG,NGA,566,NGA,2004,136756848,1882.182366,1.26E+11,14.99803382,48.767,0.490996769
Nigeria,NG,NGA,566,NGA,2005,140490722,1950.122762,1.62E+11,17.86349337,49.297,0.397422937
Nigeria,NG,NGA,566,NGA,2006,144329764,2013.274418,2.34E+11,8.22522152,49.73,0.348375434
Nigeria,NG,NGA,566,NGA,2007,148294028,2088.604852,2.66E+11,5.388007969,50.033,0.370354831
Nigeria,NG,NGA,566,NGA,2008,152382506,2170.059255,3.24E+11,11.58107517,50.225,0.489084135
Nigeria,NG,NGA,566,NGA,2009,156595758,2281.386807,2.80E+11,12.55496039,50.712,0.505855628
Nigeria,NG,NGA,566,NGA,2010,160952853,2397.32403,3.47E+11,13.72020184,50.945,0.539231118
Nigeria,NG,NGA,566,NGA,2011,165463745,2455.74699,3.91E+11,10.84002754,51.357,0.57922702
Nigeria,NG,NGA,566,NGA,2012,170075932,2490.213614,4.42E+11,12.21778174,51.497,0.502541122
Nigeria,NG,NGA,566,NGA,2013,174726123,2585.647719,4.94E+11,8.475827285,51.707,0.469695301
Nigeria,NG,NGA,566,NGA,2014,179379016,2677.494122,5.55E+11,8.062485824,51.791,0.414718775
Nigeria,NG,NGA,566,NGA,2015,183995785,2679.554765,4.80E+11,9.009387183,51.841,0.417636537
Nigeria,NG,NGA,566,NGA,2016,188666931,2570.960278,3.96E+11,15.67534055,52.043,0.43294778
Nigeria,NG,NGA,566,NGA,2017,193495907,2527.00012,3.64E+11,16.52353998,52.305,0.430671215
Nigeria,NG,NGA,566,NGA,2018,198387623,2512.080983,4.02E+11,12.09473155,52.554,0.506944514
Nigeria,NG,NGA,566,NGA,2019,203304492,2505.462745,4.33E+11,11.39679497,52.91,0.459170522
Nigeria,NG,NGA,566,NGA,2020,208327405,2401.1839,4.16E+11,13.24602343,52.887,0.627907835
Nigeria,NG,NGA,566,NGA,2021,213401323,2429.585781,4.24E+11,16.95284572,,0.970249204
Panama,PA,PAN,591,PAN,1997,2827992,6504.827557,10277686100,1.324351221,72.97,1.170170567
Panama,PA,PAN,591,PAN,1998,2885177,6843.98684,11058186400,0.559081293,73.279,0.951292019
Panama,PA,PAN,591,PAN,1999,2943120,6972.060084,11439152200,1.247182569,73.622,0.974136501
Panama,PA,PAN,591,PAN,2000,3001731,7021.54645,11743915000,1.498961116,74.001,
Panama,PA,PAN,591,PAN,2001,3061024,6925.078646,11911913400,0.307062436,74.414,
Panama,PA,PAN,591,PAN,2002,3120990,6943.426055,12722010400,1.005830904,74.824,
Panama,PA,PAN,591,PAN,2003,3181608,7097.577556,12885281200,0.391666667,75.218,
Panama,PA,PAN,591,PAN,2004,3243311,7486.276744,13992981700,0.474723078,75.544,
Panama,PA,PAN,591,PAN,2005,3305868,7872.785493,15207493900,2.855883248,75.829,
Panama,PA,PAN,591,PAN,2006,3368573,8394.7458,16840666300,2.457893464,76.012,
Panama,PA,PAN,591,PAN,2007,3431614,9228.072583,20041684200,4.168633003,76.154,
Panama,PA,PAN,591,PAN,2008,3495276,9952.916832,23648788600,8.758683177,76.225,
Panama,PA,PAN,591,PAN,2009,3559343,9895.254792,25668635600,2.409053041,76.343,
Panama,PA,PAN,591,PAN,2010,3623617,10286.20312,27128987600,3.491288726,76.448,
Panama,PA,PAN,591,PAN,2011,3688674,11248.00342,32772224300,5.875802437,76.627,
Panama,PA,PAN,591,PAN,2012,3754862,12130.22864,37691434400,5.698199592,76.819,
Panama,PA,PAN,591,PAN,2013,3821556,12741.38045,42692594000,4.027159916,77.038,
Panama,PA,PAN,591,PAN,2014,3888793,13155.45367,45567364400,2.626526999,77.248,
Panama,PA,PAN,591,PAN,2015,3957099,13669.55944,50640813800,0.137492058,77.468,
Panama,PA,PAN,591,PAN,2016,4026336,14099.93632,53770544500,0.739734025,77.653,
Panama,PA,PAN,591,PAN,2017,4096063,14634.8425,58389898788,0.875585919,77.795,
Panama,PA,PAN,591,PAN,2018,4165255,14922.13,60405247039,0.761578359,77.863,
Panama,PA,PAN,591,PAN,2019,4232532,15122.51727,62663200000,-0.355083821,77.81,
Panama,PA,PAN,591,PAN,2020,4294396,12230.03959,52265100000,-1.550275408,76.657,
Panama,PA,PAN,591,PAN,2021,4351267,13921.26274,59261300000,1.630703373,,
Paraguay,PY,PRY,600,PRY,1997,4818289,4473.74335,9139996178,6.949566085,69.325,1.685680307
Paraguay,PY,PRY,600,PRY,1998,4923449,4381.167439,8512178072,11.55326844,69.478,1.543153715
Paraguay,PY,PRY,600,PRY,1999,5026031,4233.118507,8101865236,6.752265861,69.634,1.388767852
Paraguay,PY,PRY,600,PRY,2000,5123819,4056.23877,7742095640,8.982159768,69.75,1.244939454
Paraguay,PY,PRY,600,PRY,2001,5211541,3954.70132,7572514932,7.268060286,69.9,1.074634817
Paraguay,PY,PRY,600,PRY,2002,5286512,3897.783001,6598205157,10.51024209,70.025,0.971236933
Paraguay,PY,PRY,600,PRY,2003,5353254,4015.500749,6543430199,14.23679705,70.297,0.825755372
Paraguay,PY,PRY,600,PRY,2004,5416324,4129.771025,8342338549,4.32326493,70.481,0.877630064
Paraguay,PY,PRY,600,PRY,2005,5476878,4171.24517,9363307348,6.807382031,70.527,0.7214804
Paraguay,PY,PRY,600,PRY,2006,5534675,4326.108777,12108691921,9.591308846,70.781,0.793455135
Paraguay,PY,PRY,600,PRY,2007,5590145,4515.399533,16861968626,8.128776435,71.106,0.741436848
Paraguay,PY,PRY,600,PRY,2008,5645148,4761.879612,23435846316,10.15454466,71.384,0.684193506
Paraguay,PY,PRY,600,PRY,2009,5702574,4701.61676,21188592898,2.591946734,71.635,0.753950699
Paraguay,PY,PRY,600,PRY,2010,5768613,5163.476069,25856183026,4.651162791,71.887,0.751146438
Paraguay,PY,PRY,600,PRY,2011,5843939,5315.393912,32341769682,8.253968254,72.131,0.845623774
Paraguay,PY,PRY,600,PRY,2012,5923322,5207.027324,31849717379,3.67591898,72.454,0.964179103
Paraguay,PY,PRY,600,PRY,2013,6005652,5561.548479,36930040890,2.683857387,72.757,0.962063386
Paraguay,PY,PRY,600,PRY,2014,6090721,5774.583479,38879576272,5.028827675,72.878,0.989089185
Paraguay,PY,PRY,600,PRY,2015,6177950,5861.401895,34871677360,3.129002745,73.191,1.068847829
Paraguay,PY,PRY,600,PRY,2016,6266615,6025.096769,34812603811,4.086822806,73.534,0.950953302
Paraguay,PY,PRY,600,PRY,2017,6355404,6226.68542,37701521294,3.602477413,73.644,0.892663231
Paraguay,PY,PRY,600,PRY,2018,6443328,6338.513678,38871358701,3.975610157,73.568,0.961156153
Paraguay,PY,PRY,600,PRY,2019,6530026,6229.224895,36804812203,2.757097276,73.621,0.974312938
Paraguay,PY,PRY,600,PRY,2020,6618695,6095.391375,34274587389,1.767515924,73.182,1.020713678
Paraguay,PY,PRY,600,PRY,2021,6703799,6264.894736,38349497671,4.787983101,,0.973959842
Peru,PE,PER,604,PER,1997,25365386,3319.210048,56604257320,8.56218949,68.605,1.996769968
Peru,PE,PER,604,PER,1998,25818226,3248.224595,54566466136,7.247821752,69.082,2.016661342
Peru,PE,PER,604,PER,1999,26252239,3242.27886,49318340700,3.469659963,69.743,1.930630719
Peru,PE,PER,604,PER,2000,26654439,3279.395593,50584450185,3.757338333,70.424,1.788966849
Peru,PE,PER,604,PER,2001,27014909,3255.63015,51181349334,1.977098785,71.041,1.75202013
Peru,PE,PER,604,PER,2002,27334503,3393.036305,53584601501,0.193135004,71.661,1.541840221
Peru,PE,PER,604,PER,2003,27623341,3497.400747,56867481145,2.259377534,72.217,1.509499498
Peru,PE,PER,604,PER,2004,27893911,3635.202259,63395270900,3.662473201,72.668,1.382223536
Peru,PE,PER,604,PER,2005,28147267,3828.899622,71336034732,1.616301939,72.986,1.604727723
Peru,PE,PER,604,PER,2006,28381078,4083.255219,81483192756,2.002258012,73.172,1.469151636
Peru,PE,PER,604,PER,2007,28600387,4397.104999,94276765740,1.779986447,73.223,1.303938254
Peru,PE,PER,604,PER,2008,28806185,4764.128848,1.12E+11,5.785875982,73.377,1.234750617
Peru,PE,PER,604,PER,2009,29009326,4782.608381,1.13E+11,2.936231536,73.466,1.521644203
Peru,PE,PER,604,PER,2010,29229572,5142.077342,1.37E+11,1.528320597,73.711,1.463095269
Peru,PE,PER,604,PER,2011,29477721,5421.400644,1.59E+11,3.369310953,74.133,1.377373314
Peru,PE,PER,604,PER,2012,29749589,5701.674149,1.81E+11,3.611212949,74.544,1.481803908
Peru,PE,PER,604,PER,2013,30038809,5977.255891,1.91E+11,2.767896661,74.967,1.63533997
Peru,PE,PER,604,PER,2014,30353951,6056.107926,1.92E+11,3.411945798,75.333,1.590600829
Peru,PE,PER,604,PER,2015,30711863,6180.194957,1.83E+11,3.398091947,75.621,1.730910598
Peru,PE,PER,604,PER,2016,31132779,6337.65811,1.84E+11,3.557176636,75.789,1.304784399
Peru,PE,PER,604,PER,2017,31605486,6400.116615,2.01E+11,2.994900458,75.879,1.246312804
Peru,PE,PER,604,PER,2018,32203944,6530.502977,2.12E+11,1.50915423,76.009,1.174986356
Peru,PE,PER,604,PER,2019,32824861,6550.52824,2.20E+11,2.252121914,76.156,1.192773184
Peru,PE,PER,604,PER,2020,33304756,5749.018732,1.96E+11,2.002412058,73.665,1.35047593
Peru,PE,PER,604,PER,2021,33715471,6437.102023,2.07E+11,4.271663815,,1.115156486
Sao Tome and Principe,ST,STP,678,STP,1997,137656,,,35.81717824,61.181,
Sao Tome and Principe,ST,STP,678,STP,1998,139790,,,50.49313575,61.187,
Sao Tome and Principe,ST,STP,678,STP,1999,141808,,,12.72517701,61.393,
Sao Tome and Principe,ST,STP,678,STP,2000,143714,,,12.20894563,61.655,
Sao Tome and Principe,ST,STP,678,STP,2001,146258,1068.801124,72802185,9.222037076,62.032,
Sao Tome and Principe,ST,STP,678,STP,2002,149841,1078.298922,81829363.03,10.12872467,62.6,
Sao Tome and Principe,ST,STP,678,STP,2003,153762,1137.929213,99567707.22,9.792419749,63.166,
Sao Tome and Principe,ST,STP,678,STP,2004,157697,1148.788869,111486412.2,13.28588609,63.731,
Sao Tome and Principe,ST,STP,678,STP,2005,161680,1194.604474,133522760,17.15220494,63.709,
Sao Tome and Principe,ST,STP,678,STP,2006,165725,1268.776447,145807857.9,23.07703735,64.398,
Sao Tome and Principe,ST,STP,678,STP,2007,169845,1283.080632,153620922.2,18.54851363,64.724,
Sao Tome and Principe,ST,STP,678,STP,2008,174004,1330.422842,187949255.5,31.99010395,65.079,
Sao Tome and Principe,ST,STP,678,STP,2009,178128,1331.153513,187536255.7,16.9574758,65.116,
Sao Tome and Principe,ST,STP,678,STP,2010,182138,1388.705458,197242887.9,13.34005235,65.249,
Sao Tome and Principe,ST,STP,678,STP,2011,186044,1419.345276,232290168,14.32716676,64.902,
Sao Tome and Principe,ST,STP,678,STP,2012,189924,1434.033596,245986799.5,10.63793534,65.746,
Sao Tome and Principe,ST,STP,678,STP,2013,193757,1473.344656,303142986.2,8.105832709,66.328,
Sao Tome and Principe,ST,STP,678,STP,2014,197497,1540.119571,352225165.2,6.99849944,66.845,
Sao Tome and Principe,ST,STP,678,STP,2015,201124,1571.49854,315036266.3,5.250170864,67.249,
Sao Tome and Principe,ST,STP,678,STP,2016,204632,1608.885678,346448959.6,5.432710958,67.492,
Sao Tome and Principe,ST,STP,678,STP,2017,208036,1643.472642,374514125.7,5.695088786,68.267,
Sao Tome and Principe,ST,STP,678,STP,2018,211344,1665.395716,412353809.7,7.857064313,68.355,
Sao Tome and Principe,ST,STP,678,STP,2019,214599,1676.396313,425925039.7,,68.523,
Sao Tome and Principe,ST,STP,678,STP,2020,218641,1695.171283,477536661.7,,67.785,
Sao Tome and Principe,ST,STP,678,STP,2021,223107,1692.43531,532353800.7,,,
Senegal,SN,SEN,686,SEN,1997,9051539,987.4079107,5969413553,1.753164781,56.591,1.19691223
Senegal,SN,SEN,686,SEN,1998,9261526,1021.941893,6449709711,1.156780704,56.418,1.179141855
Senegal,SN,SEN,686,SEN,1999,9478564,1061.283153,6500061328,0.827250608,56.609,1.202126805
Senegal,SN,SEN,686,SEN,2000,9704287,1076.892301,5922366345,0.731981982,56.943,1.048360277
Senegal,SN,SEN,686,SEN,2001,9938027,1096.895418,6429937341,2.974500839,57.564,1.115667493
Senegal,SN,SEN,686,SEN,2002,10180950,1071.458447,6904222529,2.337301875,58.231,1.101240436
Senegal,SN,SEN,686,SEN,2003,10434504,1103.902883,8674435756,-0.051997024,59.122,1.115442778
Senegal,SN,SEN,686,SEN,2004,10698691,1126.635509,9986498502,0.514781781,60.027,1.05782487
Senegal,SN,SEN,686,SEN,2005,10974057,1145.707632,10919437127,1.711333259,60.915,1.128601513
Senegal,SN,SEN,686,SEN,2006,11263387,1142.294952,11634426508,2.112285839,61.75,1.253857361
Senegal,SN,SEN,686,SEN,2007,11563869,1144.067819,13920279306,5.853304285,62.543,1.349632225
Senegal,SN,SEN,686,SEN,2008,11872929,1155.550927,16805897007,7.347202366,63.242,1.27948577
Senegal,SN,SEN,686,SEN,2009,12195029,1155.992055,15975442759,-2.248021479,63.923,1.322139908
Senegal,SN,SEN,686,SEN,2010,12530121,1163.227584,15971191680,1.228681197,64.615,1.207104884
Senegal,SN,SEN,686,SEN,2011,12875880,1147.092957,17532439753,3.403228298,65.262,1.287505632
Senegal,SN,SEN,686,SEN,2012,13231833,1160.917535,17359553341,1.418228712,65.457,1.103264176
Senegal,SN,SEN,686,SEN,2013,13595566,1157.115126,18595821653,0.710245487,66.072,1.24860569
Senegal,SN,SEN,686,SEN,2014,13970308,1196.164304,19408862856,-1.090255074,66.452,1.213366003
Senegal,SN,SEN,686,SEN,2015,14356181,1238.126396,17312461340,0.135211934,66.879,1.209099171
Senegal,SN,SEN,686,SEN,2016,14751356,1281.710182,18541863256,0.837284943,67.497,1.602097454
Senegal,SN,SEN,686,SEN,2017,15157793,1339.567997,20409581940,1.318153148,67.75,1.471063
Senegal,SN,SEN,686,SEN,2018,15574909,1384.64207,22515354726,0.460985642,68.097,1.658240078
Senegal,SN,SEN,686,SEN,2019,16000781,1409.970816,22788439046,1.758565176,68.526,1.51347929
Senegal,SN,SEN,686,SEN,2020,16436120,1390.819525,23900827506,2.547434646,68.006,1.4200943
Senegal,SN,SEN,686,SEN,2021,16876720,1436.653614,27041843267,,,1.757913787
Sierra Leone,SL,SLE,694,SLE,1997,4405028,394.2167303,832918925.6,,43.715,0.764916648
Sierra Leone,SL,SLE,694,SLE,1998,4449975,397.2006913,637317815.4,,42.789,1.024702229
Sierra Leone,SL,SLE,694,SLE,1999,4475145,387.1491577,644969853.9,,42.071,1.740340045
Sierra Leone,SL,SLE,694,SLE,2000,4584067,403.0941001,616098892.2,,45.05,2.512155618
Sierra Leone,SL,SLE,694,SLE,2001,4857096,356.2948693,1063299286,,45.661,2.742527343
Sierra Leone,SL,SLE,694,SLE,2002,5140113,425.6181667,1223305970,,46.359,2.164617616
Sierra Leone,SL,SLE,694,SLE,2003,5350907,446.9281547,1358820072,,46.963,2.053952988
Sierra Leone,SL,SLE,694,SLE,2004,5533329,460.7098057,1416436670,,47.577,1.584946609
Sierra Leone,SL,SLE,694,SLE,2005,5683334,468.7575079,1612494367,,48.237,1.426813932
Sierra Leone,SL,SLE,694,SLE,2006,5809774,477.9247892,1847768963,,49.323,1.486395848
Sierra Leone,SL,SLE,694,SLE,2007,5939163,505.1857129,2264325461,11.64997445,50.365,1.346993361
Sierra Leone,SL,SLE,694,SLE,2008,6090860,519.1958738,2700598779,8.211124323,51.526,0.943706279
Sierra Leone,SL,SLE,694,SLE,2009,6259842,521.2857924,2664969380,7.469018985,52.626,1.076033226
Sierra Leone,SL,SLE,694,SLE,2010,6436698,534.067436,2606465307,7.185662757,53.693,0.972150455
Sierra Leone,SL,SLE,694,SLE,2011,6612385,552.708097,2901403971,6.79138292,54.62,0.865813494
Sierra Leone,SL,SLE,694,SLE,2012,6788587,620.0951227,3924034071,6.587762394,55.451,0.782800531
Sierra Leone,SL,SLE,694,SLE,2013,6964859,729.6076476,4893437932,5.52412878,56.313,0.643965907
Sierra Leone,SL,SLE,694,SLE,2014,7140688,744.070038,4896148549,4.639311714,56.393,0.973262106
Sierra Leone,SL,SLE,694,SLE,2015,7314773,576.7402317,4162054006,6.689435625,57.189,0.923453252
Sierra Leone,SL,SLE,694,SLE,2016,7493913,597.0429072,3276983581,10.88606094,58.404,1.116382358
Sierra Leone,SL,SLE,694,SLE,2017,7677565,607.1941877,3629620900,18.2215094,58.652,1.093816897
Sierra Leone,SL,SLE,694,SLE,2018,7861281,613.5494617,3798493994,16.02954477,59.796,0.751992569
Sierra Leone,SL,SLE,694,SLE,2019,8046828,630.8960175,4025178583,14.80499909,60.255,0.672477268
Sierra Leone,SL,SLE,694,SLE,2020,8233970,604.4173022,3985252722,13.44687111,59.763,0.546605435
Sierra Leone,SL,SLE,694,SLE,2021,8420641,615.277953,3995815732,11.87395888,,0.609065851
Suriname,SR,SUR,740,SUR,1997,452887,6262.579891,899810000,7.145111609,65.697,
Suriname,SR,SUR,740,SUR,1998,461749,6283.661924,1082072500,18.9753692,65.594,
Suriname,SR,SUR,740,SUR,1999,470458,6080.997563,849453488.4,98.77309141,65.443,
Suriname,SR,SUR,740,SUR,2000,478998,6098.004275,899657575.8,59.40168655,65.508,
Suriname,SR,SUR,740,SUR,2001,487394,6244.662433,727764220.2,38.58628789,65.482,
Suriname,SR,SUR,740,SUR,2002,495666,6312.379972,1050229787,15.52739892,65.531,
Suriname,SR,SUR,740,SUR,2003,503780,6601.98606,1224978470,23.00223218,65.596,
Suriname,SR,SUR,740,SUR,2004,510572,7067.865393,1420629115,9.98632512,66.416,
Suriname,SR,SUR,740,SUR,2005,516220,7305.109478,1752988725,9.898004896,67.002,
Suriname,SR,SUR,740,SUR,2006,522023,7642.423169,2571880453,11.28130433,67.571,
Suriname,SR,SUR,740,SUR,2007,527946,7942.942141,2934012022,6.426279345,68.204,
Suriname,SR,SUR,740,SUR,2008,533938,8179.219306,3553369035,14.66714274,68.816,
Suriname,SR,SUR,740,SUR,2009,539987,8331.330456,3880209836,-0.133636647,69.505,
Suriname,SR,SUR,740,SUR,2010,546080,8664.198962,4264098055,6.941082216,69.894,
Suriname,SR,SUR,740,SUR,2011,552146,9070.245151,4160160037,17.71177964,69.914,
Suriname,SR,SUR,740,SUR,2012,558111,9214.717096,4787510970,5.006863194,69.764,
Suriname,SR,SUR,740,SUR,2013,563947,9386.869753,5014507667,1.923436041,69.682,
Suriname,SR,SUR,740,SUR,2014,569682,9316.114241,5170283939,3.383412727,69.782,
Suriname,SR,SUR,740,SUR,2015,575475,8907.751222,5112916762,6.893903592,70.8,
Suriname,SR,SUR,740,SUR,2016,581453,8382.785319,3151077610,55.41238798,71.592,
Suriname,SR,SUR,740,SUR,2017,587559,8425.679176,3197633185,21.99694302,72.417,
Suriname,SR,SUR,740,SUR,2018,593715,8750.919067,3608724690,,72.553,
Suriname,SR,SUR,740,SUR,2019,600301,8756.069729,3604007265,,72.242,
Suriname,SR,SUR,740,SUR,2020,607065,7275.294696,2446062313,34.89294916,72.561,
Suriname,SR,SUR,740,SUR,2021,612985,7008.362461,2591610812,59.11170965,,
Togo,TG,TGO,768,TGO,1997,4592550,545.6274851,1470050894,8.250825083,54.192,
Togo,TG,TGO,768,TGO,1998,4728297,517.7743076,1563958019,0.975338381,54.199,
Togo,TG,TGO,768,TGO,1999,4867941,515.402449,1538107628,-0.053213625,54.538,
Togo,TG,TGO,768,TGO,2000,5008035,497.0595476,1462834929,1.862605955,54.742,
Togo,TG,TGO,768,TGO,2001,5145426,487.7709646,1453054407,3.919591337,54.86,
Togo,TG,TGO,768,TGO,2002,5281538,493.3846109,1684907240,3.059818575,55.311,
Togo,TG,TGO,768,TGO,2003,5421001,512.9948852,2092332607,-0.930000884,55.639,1.365699839
Togo,TG,TGO,768,TGO,2004,5565218,494.8107393,2226371637,0.393078681,55.569,1.406048096
Togo,TG,TGO,768,TGO,2005,5711597,459.631932,2246240174,6.78292893,55.962,1.457440202
Togo,TG,TGO,768,TGO,2006,5874240,458.7494705,2313755298,2.228977794,56.222,
Togo,TG,TGO,768,TGO,2007,6047537,440.3672591,2632309426,0.945673272,56.511,
Togo,TG,TGO,768,TGO,2008,6222482,445.3722265,3308543048,8.694828144,56.695,1.722186244
Togo,TG,TGO,768,TGO,2009,6398624,457.0973281,3360140712,3.71360592,57.011,1.638012563
Togo,TG,TGO,768,TGO,2010,6571855,472.1931168,3405968906,1.445945174,57.304,1.658857988
Togo,TG,TGO,768,TGO,2011,6748672,489.2418286,4106265216,3.563514729,57.925,1.526063748
Togo,TG,TGO,768,TGO,2012,6926635,507.8630152,3879283636,2.577181741,58.073,1.624643118
Togo,TG,TGO,768,TGO,2013,7106229,525.2857211,4346910990,1.825394759,58.684,1.676205361
Togo,TG,TGO,768,TGO,2014,7288383,542.4803268,4621145737,0.190875076,58.853,1.818288863
Togo,TG,TGO,768,TGO,2015,7473229,559.4457465,4321508267,2.58390527,59.396,1.674422895
Togo,TG,TGO,768,TGO,2016,7661354,576.0448928,6075237460,1.285246608,59.55,1.840382387
Togo,TG,TGO,768,TGO,2017,7852795,586.4360796,6400471260,-0.980289496,60.154,1.874542288
Togo,TG,TGO,768,TGO,2018,8046679,600.7851195,7131540392,0.928170504,60.244,1.963332431
Togo,TG,TGO,768,TGO,2019,8243094,618.4905027,7242517959,0.685897591,60.901,3.146217077
Togo,TG,TGO,768,TGO,2020,8442580,614.4613608,7591296131,1.827540385,61.035,2.838985987
Togo,TG,TGO,768,TGO,2021,8644829,631.6538916,8435586628,,,1.783730405
Trinidad and Tobago,TT,TTO,780,TTO,1997,1318171,8066.265892,5356557688,3.626078758,68.719,
Trinidad and Tobago,TT,TTO,780,TTO,1998,1322572,8692.592719,5702412175,5.612709077,69.16,
Trinidad and Tobago,TT,TTO,780,TTO,1999,1327063,9358.379592,6409082522,3.439135909,68.377,
Trinidad and Tobago,TT,TTO,780,TTO,2000,1332203,9965.635971,7525838201,3.555413197,69.102,
Trinidad and Tobago,TT,TTO,780,TTO,2001,1338567,10331.70085,8285573237,5.536653263,69.646,0.155634799
Trinidad and Tobago,TT,TTO,780,TTO,2002,1345964,11090.41168,8528473715,4.150058617,70.488,0.213074266
Trinidad and Tobago,TT,TTO,780,TTO,2003,1353548,12620.86307,10624559800,3.811106244,69.729,0.294294112
Trinidad and Tobago,TT,TTO,780,TTO,2004,1361172,13547.91812,12882975123,3.72154939,71.076,0.563326874
Trinidad and Tobago,TT,TTO,780,TTO,2005,1369075,14306.03871,15189282462,6.874534596,71.308,0.604538
Trinidad and Tobago,TT,TTO,780,TTO,2006,1376919,16103.32603,17413161101,8.329603515,71.256,0.621275874
Trinidad and Tobago,TT,TTO,780,TTO,2007,1384861,16772.17088,20672820044,7.894388348,71.652,0.568668582
Trinidad and Tobago,TT,TTO,780,TTO,2008,1392803,17242.15726,26643587350,12.03034455,71.47,0.493375226
Trinidad and Tobago,TT,TTO,780,TTO,2009,1401191,16386.24408,18155065224,6.978087253,73.126,0.709658644
Trinidad and Tobago,TT,TTO,780,TTO,2010,1410296,16821.48902,21078448388,10.54920032,72.725,0.635217367
Trinidad and Tobago,TT,TTO,780,TTO,2011,1420020,16657.12326,22613157193,5.107132893,73.278,0.566437191
Trinidad and Tobago,TT,TTO,780,TTO,2012,1430377,17629.59654,24825461022,9.260281371,73.716,0.662025828
Trinidad and Tobago,TT,TTO,780,TTO,2013,1440729,18175.70106,26990595760,5.199817405,73.962,0.786092912
Trinidad and Tobago,TT,TTO,780,TTO,2014,1450661,18651.09386,27765867210,5.684418146,74.215,0.695344953
Trinidad and Tobago,TT,TTO,780,TTO,2015,1460177,18389.53103,26612327180,4.661215981,74.503,0.83320624
Trinidad and Tobago,TT,TTO,780,TTO,2016,1469330,17038.77621,23071075280,3.070667425,74.281,0.95365006
Trinidad and Tobago,TT,TTO,780,TTO,2017,1478607,16134.88935,23846606986,1.880384402,74.23,0.885039523
Trinidad and Tobago,TT,TTO,780,TTO,2018,1504709,15716.90749,23621888575,1.018569302,73.802,0.68778771
Trinidad and Tobago,TT,TTO,780,TTO,2019,1519955,15576.4346,23242507415,1.00054293,74.228,0.707947748
Trinidad and Tobago,TT,TTO,780,TTO,2020,1518147,14397.55038,20003843325,0.598986331,74.406,0.745353348
Trinidad and Tobago,TT,TTO,780,TTO,2021,1525663,14179.554,24369551810,2.059227469,,0.88801608
"Venezuela, Bolivarian Republic of",VE,VEN,862,VEN,1997,23037561,,83379869014,,72.703,1.795285052
Venezuela,VE,VEN,862,VEN,1997,23037561,,83379869014,,72.703,1.795285052
"Venezuela, Bolivarian Republic of",VE,VEN,862,VEN,1998,23503819,,88835149744,,72.668,1.588555205
Venezuela,VE,VEN,862,VEN,1998,23503819,,88835149744,,72.668,1.588555205
"Venezuela, Bolivarian Republic of",VE,VEN,862,VEN,1999,23966960,,96511792967,,72.254,1.437199004
Venezuela,VE,VEN,862,VEN,1999,23966960,,96511792967,,72.254,1.437199004
"Venezuela, Bolivarian Republic of",VE,VEN,862,VEN,2000,24427729,,1.16E+11,,72.478,1.526570129
Venezuela,VE,VEN,862,VEN,2000,24427729,,1.16E+11,,72.478,1.526570129
"Venezuela, Bolivarian Republic of",VE,VEN,862,VEN,2001,24880203,,1.21E+11,,71.201,1.555107911
Venezuela,VE,VEN,862,VEN,2001,24880203,,1.21E+11,,71.201,1.555107911
"Venezuela, Bolivarian Republic of",VE,VEN,862,VEN,2002,25330929,,90144246705,,72.662,1.153373596
Venezuela,VE,VEN,862,VEN,2002,25330929,,90144246705,,72.662,1.153373596
"Venezuela, Bolivarian Republic of",VE,VEN,862,VEN,2003,25782029,,81432951034,,71.94,1.182690627
Venezuela,VE,VEN,862,VEN,2003,25782029,,81432951034,,71.94,1.182690627
"Venezuela, Bolivarian Republic of",VE,VEN,862,VEN,2004,26226927,,1.09E+11,,72.514,1.288301812
Venezuela,VE,VEN,862,VEN,2004,26226927,,1.09E+11,,72.514,1.288301812
"Venezuela, Bolivarian Republic of",VE,VEN,862,VEN,2005,26668785,,1.43E+11,,72.782,1.831713749
Venezuela,VE,VEN,862,VEN,2005,26668785,,1.43E+11,,72.782,1.831713749
"Venezuela, Bolivarian Republic of",VE,VEN,862,VEN,2006,27102081,,1.82E+11,,72.742,1.978492217
Venezuela,VE,VEN,862,VEN,2006,27102081,,1.82E+11,,72.742,1.978492217
"Venezuela, Bolivarian Republic of",VE,VEN,862,VEN,2007,27525097,,2.33E+11,,73.058,1.888993106
Venezuela,VE,VEN,862,VEN,2007,27525097,,2.33E+11,,73.058,1.888993106
"Venezuela, Bolivarian Republic of",VE,VEN,862,VEN,2008,27933833,,3.17E+11,,72.436,1.793552852
Venezuela,VE,VEN,862,VEN,2008,27933833,,3.17E+11,,72.436,1.793552852
"Venezuela, Bolivarian Republic of",VE,VEN,862,VEN,2009,28327892,,3.27E+11,27.08094145,72.579,1.231070415
Venezuela,VE,VEN,862,VEN,2009,28327892,,3.27E+11,27.08094145,72.579,1.231070415
"Venezuela, Bolivarian Republic of",VE,VEN,862,VEN,2010,28715022,,3.88E+11,28.18746471,72.89,1.013488628
Venezuela,VE,VEN,862,VEN,2010,28715022,,3.88E+11,28.18746471,72.89,1.013488628
"Venezuela, Bolivarian Republic of",VE,VEN,862,VEN,2011,29096159,,3.08E+11,26.09021232,72.913,1.130405341
Venezuela,VE,VEN,862,VEN,2011,29096159,,3.08E+11,26.09021232,72.913,1.130405341
"Venezuela, Bolivarian Republic of",VE,VEN,862,VEN,2012,29470426,,3.71E+11,21.06899563,73.036,1.341471732
Venezuela,VE,VEN,862,VEN,2012,29470426,,3.71E+11,21.06899563,73.036,1.341471732
"Venezuela, Bolivarian Republic of",VE,VEN,862,VEN,2013,29838021,,3.59E+11,40.63942752,73.196,1.669551783
Venezuela,VE,VEN,862,VEN,2013,29838021,,3.59E+11,40.63942752,73.196,1.669551783
"Venezuela, Bolivarian Republic of",VE,VEN,862,VEN,2014,30193258,,4.77E+11,62.16864998,72.853,1.16181681
Venezuela,VE,VEN,862,VEN,2014,30193258,,4.77E+11,62.16864998,72.853,1.16181681
"Venezuela, Bolivarian Republic of",VE,VEN,862,VEN,2015,30529716,,,121.7380853,73.006,0.941375969
Venezuela,VE,VEN,862,VEN,2015,30529716,,,121.7380853,73.006,0.941375969
"Venezuela, Bolivarian Republic of",VE,VEN,862,VEN,2016,30741464,,,254.9485348,72.058,0.454046014
Venezuela,VE,VEN,862,VEN,2016,30741464,,,254.9485348,72.058,0.454046014
"Venezuela, Bolivarian Republic of",VE,VEN,862,VEN,2017,30563433,,,,71.943,2.233332199
Venezuela,VE,VEN,862,VEN,2017,30563433,,,,71.943,2.233332199
"Venezuela, Bolivarian Republic of",VE,VEN,862,VEN,2018,29825653,,,,71.979,0.150853893
Venezuela,VE,VEN,862,VEN,2018,29825653,,,,71.979,0.150853893
"Venezuela, Bolivarian Republic of",VE,VEN,862,VEN,2019,28971683,,,,72.161,0.179230376
Venezuela,VE,VEN,862,VEN,2019,28971683,,,,72.161,0.179230376
"Venezuela, Bolivarian Republic of",VE,VEN,862,VEN,2020,28490453,,,,71.095,
Venezuela,VE,VEN,862,VEN,2020,28490453,,,,71.095,
"Venezuela, Bolivarian Republic of",VE,VEN,862,VEN,2021,28199867,,,,,
Venezuela,VE,VEN,862,VEN,2021,28199867,,,,,
